FECHA;ITEM;I1;I2;ELEMENTO.ID;E1;PORC.AVANCE;MONTO.AVANCE;ESTA;OBS
2021-01-22;A.1.1;A;A.1;L;L;0.75;1337.3700;;
2021-01-22;A.1.2;A;A.1;L;L;0.60;296.9400;;
2021-01-22;A.1.4;A;A.1;L;L;0.80;367.9040;;
2021-01-22;A.2.1;A;A.2;L;L;1.00;53.6200;;
2021-01-22;A.2.3;A;A.2;L;L;0.65;2580.2660;;
2021-01-22;A.3.1.1;A;A.3;E01;E01;0.50;0.4140;;
2021-01-22;A.3.1.1;A;A.3;E02;E02;0.50;0.4140;;
2021-01-22;A.3.1.1;A;A.3;E03;E03;0.50;0.4140;;
2021-01-22;A.3.1.1;A;A.3;E04;E04;1.00;0.8280;;
2021-01-22;A.3.1.1;A;A.3;E05;E05;1.00;0.8280;;
2021-01-22;A.3.1.1;A;A.3;E06;E06;1.00;0.8280;;
2021-01-22;A.3.1.1;A;A.3;E07;E07;1.00;0.8280;;
2021-01-22;A.3.1.1;A;A.3;E08;E08;1.00;0.8280;;
2021-01-22;A.3.1.1;A;A.3;E09;E09;1.00;0.8280;;
2021-01-22;A.3.1.1;A;A.3;E10;E10;1.00;0.8280;;
2021-01-22;A.3.1.1;A;A.3;E11;E11;1.00;0.8280;;
2021-01-22;A.3.1.1;A;A.3;E12;E12;1.00;0.8280;;
2021-01-22;A.3.1.1;A;A.3;E13;E13;0.50;0.4140;;
2021-01-22;A.3.1.1;A;A.3;E14;E14;0.50;0.4140;;
2021-01-22;A.3.1.1;A;A.3;E15;E15;0.00;0.0000;;
2021-01-22;A.3.1.1;A;A.3;E16;E16;0.50;0.4140;;
2021-01-22;A.3.1.1;A;A.3;E17;E17;0.50;0.4140;;
2021-01-22;A.3.1.1;A;A.3;E18;E18;1.00;0.8280;;
2021-01-22;A.3.1.1;A;A.3;E19;E19;0.50;0.4140;;
2021-01-22;A.3.1.1;A;A.3;E20;E20;1.00;0.8280;;
2021-01-22;A.3.1.2;A;A.3;E01;E01;0.50;0.1200;;
2021-01-22;A.3.1.2;A;A.3;E02;E02;0.50;0.1200;;
2021-01-22;A.3.1.2;A;A.3;E03;E03;0.50;0.1200;;
2021-01-22;A.3.1.2;A;A.3;E04;E04;1.00;0.2400;;
2021-01-22;A.3.1.2;A;A.3;E05;E05;1.00;0.2400;;
2021-01-22;A.3.1.2;A;A.3;E06;E06;1.00;0.2400;;
2021-01-22;A.3.1.2;A;A.3;E07;E07;1.00;0.2400;;
2021-01-22;A.3.1.2;A;A.3;E08;E08;1.00;0.2400;;
2021-01-22;A.3.1.2;A;A.3;E09;E09;1.00;0.2400;;
2021-01-22;A.3.1.2;A;A.3;E10;E10;1.00;0.2400;;
2021-01-22;A.3.1.2;A;A.3;E11;E11;1.00;0.2400;;
2021-01-22;A.3.1.2;A;A.3;E12;E12;1.00;0.2400;;
2021-01-22;A.3.1.2;A;A.3;E13;E13;0.50;0.1200;;
2021-01-22;A.3.1.2;A;A.3;E14;E14;0.50;0.1200;;
2021-01-22;A.3.1.2;A;A.3;E15;E15;0.00;0.0000;;
2021-01-22;A.3.1.2;A;A.3;E16;E16;0.50;0.1200;;
2021-01-22;A.3.1.2;A;A.3;E17;E17;0.50;0.1200;;
2021-01-22;A.3.1.2;A;A.3;E18;E18;1.00;0.2400;;
2021-01-22;A.3.1.2;A;A.3;E19;E19;0.50;0.1200;;
2021-01-22;A.3.1.2;A;A.3;E20;E20;1.00;0.2400;;
2021-01-22;A.3.1.3;A;A.3;E01;E01;0.50;0.1250;;
2021-01-22;A.3.1.3;A;A.3;E02;E02;0.50;0.1250;;
2021-01-22;A.3.1.3;A;A.3;E03;E03;0.50;0.1250;;
2021-01-22;A.3.1.3;A;A.3;E04;E04;1.00;0.2500;;
2021-01-22;A.3.1.3;A;A.3;E05;E05;1.00;0.2500;;
2021-01-22;A.3.1.3;A;A.3;E06;E06;1.00;0.2500;;
2021-01-22;A.3.1.3;A;A.3;E07;E07;1.00;0.2500;;
2021-01-22;A.3.1.3;A;A.3;E08;E08;1.00;0.2500;;
2021-01-22;A.3.1.3;A;A.3;E09;E09;1.00;0.2500;;
2021-01-22;A.3.1.3;A;A.3;E10;E10;1.00;0.2500;;
2021-01-22;A.3.1.3;A;A.3;E11;E11;1.00;0.2500;;
2021-01-22;A.3.1.3;A;A.3;E12;E12;1.00;0.2500;;
2021-01-22;A.3.1.3;A;A.3;E13;E13;0.50;0.1250;;
2021-01-22;A.3.1.3;A;A.3;E14;E14;0.50;0.1250;;
2021-01-22;A.3.1.3;A;A.3;E15;E15;0.00;0.0000;;
2021-01-22;A.3.1.3;A;A.3;E16;E16;0.50;0.1250;;
2021-01-22;A.3.1.3;A;A.3;E17;E17;0.50;0.1250;;
2021-01-22;A.3.1.3;A;A.3;E18;E18;1.00;0.2500;;
2021-01-22;A.3.1.3;A;A.3;E19;E19;0.50;0.1250;;
2021-01-22;A.3.1.3;A;A.3;E20;E20;1.00;0.2500;;
2021-01-22;A.3.1.4;A;A.3;E01;E01;0.50;0.3150;;
2021-01-22;A.3.1.4;A;A.3;E02;E02;0.50;0.3150;;
2021-01-22;A.3.1.4;A;A.3;E03;E03;0.50;0.3150;;
2021-01-22;A.3.1.4;A;A.3;E04;E04;1.00;0.6300;;
2021-01-22;A.3.1.4;A;A.3;E05;E05;1.00;0.6300;;
2021-01-22;A.3.1.4;A;A.3;E06;E06;1.00;0.6300;;
2021-01-22;A.3.1.4;A;A.3;E07;E07;1.00;0.6300;;
2021-01-22;A.3.1.4;A;A.3;E08;E08;1.00;0.6300;;
2021-01-22;A.3.1.4;A;A.3;E09;E09;1.00;0.6300;;
2021-01-22;A.3.1.4;A;A.3;E10;E10;1.00;0.6300;;
2021-01-22;A.3.1.4;A;A.3;E11;E11;1.00;0.6300;;
2021-01-22;A.3.1.4;A;A.3;E12;E12;1.00;0.6300;;
2021-01-22;A.3.1.4;A;A.3;E13;E13;0.50;0.3150;;
2021-01-22;A.3.1.4;A;A.3;E14;E14;0.50;0.3150;;
2021-01-22;A.3.1.4;A;A.3;E15;E15;0.00;0.0000;;
2021-01-22;A.3.1.4;A;A.3;E16;E16;0.50;0.3150;;
2021-01-22;A.3.1.4;A;A.3;E17;E17;0.50;0.3150;;
2021-01-22;A.3.1.4;A;A.3;E18;E18;1.00;0.6300;;
2021-01-22;A.3.1.4;A;A.3;E19;E19;0.50;0.3150;;
2021-01-22;A.3.1.4;A;A.3;E20;E20;1.00;0.6300;;
2021-01-22;A.3.3.1;A;A.3;E01;E01;0.04;0.4509;;
2021-01-22;A.3.3.1;A;A.3;E02;E02;0.00;0.0000;;
2021-01-22;A.3.3.1;A;A.3;E03;E03;0.00;0.0000;;
2021-01-22;A.3.3.1;A;A.3;E04;E04;0.50;5.4113;;
2021-01-22;A.3.3.1;A;A.3;E05;E05;0.40;4.3290;;
2021-01-22;A.3.3.1;A;A.3;E06;E06;0.35;3.7879;;
2021-01-22;A.3.3.1;A;A.3;E07;E07;0.00;0.0000;;
2021-01-22;A.3.3.1;A;A.3;E08;E08;0.00;0.0000;;
2021-01-22;A.3.3.1;A;A.3;E09;E09;0.40;4.3290;;
2021-01-22;A.3.3.1;A;A.3;E10;E10;1.00;10.8225;;
2021-01-22;A.3.3.1;A;A.3;E11;E11;1.00;10.8225;;
2021-01-22;A.3.3.1;A;A.3;E12;E12;1.00;10.8225;;
2021-01-22;A.3.3.1;A;A.3;E13;E13;0.00;0.0000;;
2021-01-22;A.3.3.1;A;A.3;E14;E14;0.08;0.9019;;
2021-01-22;A.3.3.1;A;A.3;E15;E15;0.00;0.0000;;
2021-01-22;A.3.3.1;A;A.3;E16;E16;0.08;0.9019;;
2021-01-22;A.3.3.1;A;A.3;E17;E17;0.08;0.9019;;
2021-01-22;A.3.3.1;A;A.3;E18;E18;0.10;1.0823;;
2021-01-22;A.3.3.1;A;A.3;E19;E19;0.00;0.0000;;
2021-01-22;A.3.3.1;A;A.3;E20;E20;1.00;10.8225;;
2021-01-22;A.3.3.2;A;A.3;E01;E01;0.04;0.0975;;
2021-01-22;A.3.3.2;A;A.3;E02;E02;0.00;0.0000;;
2021-01-22;A.3.3.2;A;A.3;E03;E03;0.00;0.0000;;
2021-01-22;A.3.3.2;A;A.3;E04;E04;0.50;1.1700;;
2021-01-22;A.3.3.2;A;A.3;E05;E05;0.40;0.9360;;
2021-01-22;A.3.3.2;A;A.3;E06;E06;0.35;0.8190;;
2021-01-22;A.3.3.2;A;A.3;E07;E07;0.00;0.0000;;
2021-01-22;A.3.3.2;A;A.3;E08;E08;0.00;0.0000;;
2021-01-22;A.3.3.2;A;A.3;E09;E09;0.40;0.9360;;
2021-01-22;A.3.3.2;A;A.3;E10;E10;1.00;2.3400;;
2021-01-22;A.3.3.2;A;A.3;E11;E11;1.00;2.3400;;
2021-01-22;A.3.3.2;A;A.3;E12;E12;1.00;2.3400;;
2021-01-22;A.3.3.2;A;A.3;E13;E13;0.00;0.0000;;
2021-01-22;A.3.3.2;A;A.3;E14;E14;0.08;0.1950;;
2021-01-22;A.3.3.2;A;A.3;E15;E15;0.00;0.0000;;
2021-01-22;A.3.3.2;A;A.3;E16;E16;0.08;0.1950;;
2021-01-22;A.3.3.2;A;A.3;E17;E17;0.08;0.1950;;
2021-01-22;A.3.3.2;A;A.3;E18;E18;0.10;0.2340;;
2021-01-22;A.3.3.2;A;A.3;E19;E19;0.00;0.0000;;
2021-01-22;A.3.3.2;A;A.3;E20;E20;1.00;2.3400;;
2021-01-22;A.3.5.1;A;A.3;E04.P2.D21;E04;1.00;0.1900;;
2021-01-22;A.3.5.1;A;A.3;E04.P2.D22;E04;1.00;0.1900;;
2021-01-22;A.3.5.1;A;A.3;E04.P2.D23;E04;1.00;0.1900;;
2021-01-22;A.3.5.1;A;A.3;E04.P2.D24;E04;1.00;0.1900;;
2021-01-22;A.3.5.1;A;A.3;E04.P3.D31;E04;1.00;0.1900;;
2021-01-22;A.3.5.1;A;A.3;E04.P3.D32;E04;1.00;0.1900;;
2021-01-22;A.3.5.1;A;A.3;E04.P3.D33;E04;1.00;0.1900;;
2021-01-22;A.3.5.1;A;A.3;E05.P2.D21;E05;1.00;0.1900;;
2021-01-22;A.3.5.1;A;A.3;E05.P2.D22;E05;1.00;0.1900;;
2021-01-22;A.3.5.1;A;A.3;E05.P2.D23;E05;1.00;0.1900;;
2021-01-22;A.3.5.1;A;A.3;E05.P2.D24;E05;1.00;0.1900;;
2021-01-22;A.3.5.1;A;A.3;E06.P2.D21;E06;1.00;0.1900;;
2021-01-22;A.3.5.1;A;A.3;E06.P2.D22;E06;1.00;0.1900;;
2021-01-22;A.3.5.1;A;A.3;E06.P2.D23;E06;1.00;0.1900;;
2021-01-22;A.3.5.1;A;A.3;E06.P2.D24;E06;1.00;0.1900;;
2021-01-22;A.3.5.1;A;A.3;E09.P2.D21;E09;1.00;0.1900;;
2021-01-22;A.3.5.1;A;A.3;E09.P2.D22;E09;1.00;0.1900;;
2021-01-22;A.3.5.1;A;A.3;E09.P2.D23;E09;1.00;0.1900;;
2021-01-22;A.3.5.1;A;A.3;E09.P2.D24;E09;1.00;0.1900;;
2021-01-22;A.3.5.1;A;A.3;E10.P2.D21;E10;1.00;0.1900;;
2021-01-22;A.3.5.1;A;A.3;E10.P2.D22;E10;1.00;0.1900;;
2021-01-22;A.3.5.1;A;A.3;E10.P2.D23;E10;1.00;0.1900;;
2021-01-22;A.3.5.1;A;A.3;E10.P2.D24;E10;1.00;0.1900;;
2021-01-22;A.3.5.1;A;A.3;E10.P3.D31;E10;1.00;0.1900;;
2021-01-22;A.3.5.1;A;A.3;E10.P3.D32;E10;1.00;0.1900;;
2021-01-22;A.3.5.1;A;A.3;E10.P3.D33;E10;1.00;0.1900;;
2021-01-22;A.3.5.1;A;A.3;E10.P3.D34;E10;1.00;0.1900;;
2021-01-22;A.3.5.1;A;A.3;E10.P4.D41;E10;1.00;0.1900;;
2021-01-22;A.3.5.1;A;A.3;E10.P4.D42;E10;1.00;0.1900;;
2021-01-22;A.3.5.1;A;A.3;E10.P4.D43;E10;1.00;0.1900;;
2021-01-22;A.3.5.1;A;A.3;E10.P4.D44;E10;1.00;0.1900;;
2021-01-22;A.3.5.1;A;A.3;E11.P2.D21;E11;1.00;0.1900;;
2021-01-22;A.3.5.1;A;A.3;E11.P2.D22;E11;1.00;0.1900;;
2021-01-22;A.3.5.1;A;A.3;E11.P2.D23;E11;1.00;0.1900;;
2021-01-22;A.3.5.1;A;A.3;E11.P2.D24;E11;1.00;0.1900;;
2021-01-22;A.3.5.1;A;A.3;E11.P3.D31;E11;1.00;0.1900;;
2021-01-22;A.3.5.1;A;A.3;E11.P3.D32;E11;1.00;0.1900;;
2021-01-22;A.3.5.1;A;A.3;E11.P3.D33;E11;1.00;0.1900;;
2021-01-22;A.3.5.1;A;A.3;E11.P3.D34;E11;1.00;0.1900;;
2021-01-22;A.3.5.1;A;A.3;E11.P4.D41;E11;1.00;0.1900;;
2021-01-22;A.3.5.1;A;A.3;E11.P4.D42;E11;1.00;0.1900;;
2021-01-22;A.3.5.1;A;A.3;E11.P4.D43;E11;1.00;0.1900;;
2021-01-22;A.3.5.1;A;A.3;E11.P4.D44;E11;1.00;0.1900;;
2021-01-22;A.3.5.1;A;A.3;E12.P2.D21;E12;1.00;0.1900;;
2021-01-22;A.3.5.1;A;A.3;E12.P2.D22;E12;1.00;0.1900;;
2021-01-22;A.3.5.1;A;A.3;E12.P2.D23;E12;1.00;0.1900;;
2021-01-22;A.3.5.1;A;A.3;E12.P2.D24;E12;1.00;0.1900;;
2021-01-22;A.3.5.1;A;A.3;E12.P3.D31;E12;1.00;0.1900;;
2021-01-22;A.3.5.1;A;A.3;E12.P3.D32;E12;1.00;0.1900;;
2021-01-22;A.3.5.1;A;A.3;E12.P3.D33;E12;1.00;0.1900;;
2021-01-22;A.3.5.1;A;A.3;E12.P3.D34;E12;1.00;0.1900;;
2021-01-22;A.3.5.1;A;A.3;E12.P4.D41;E12;1.00;0.1900;;
2021-01-22;A.3.5.1;A;A.3;E12.P4.D42;E12;1.00;0.1900;;
2021-01-22;A.3.5.1;A;A.3;E12.P4.D43;E12;1.00;0.1900;;
2021-01-22;A.3.5.1;A;A.3;E12.P4.D44;E12;1.00;0.1900;;
2021-01-22;A.3.5.1;A;A.3;E20.P2.D21;E20;1.00;0.1900;;
2021-01-22;A.3.5.1;A;A.3;E20.P2.D22;E20;1.00;0.1900;;
2021-01-22;A.3.5.1;A;A.3;E20.P2.D23;E20;1.00;0.1900;;
2021-01-22;A.3.5.1;A;A.3;E20.P2.D24;E20;1.00;0.1900;;
2021-01-22;A.3.5.1;A;A.3;E20.P3.D31;E20;1.00;0.1900;;
2021-01-22;A.3.5.1;A;A.3;E20.P3.D32;E20;1.00;0.1900;;
2021-01-22;A.3.5.1;A;A.3;E20.P3.D33;E20;1.00;0.1900;;
2021-01-22;A.3.5.1;A;A.3;E20.P3.D34;E20;1.00;0.1900;;
2021-01-22;A.3.5.1;A;A.3;E20.P4.D41;E20;1.00;0.1900;;
2021-01-22;A.3.5.1;A;A.3;E20.P4.D42;E20;1.00;0.1900;;
2021-01-22;A.3.5.1;A;A.3;E20.P4.D43;E20;1.00;0.1900;;
2021-01-22;A.3.5.1;A;A.3;E20.P4.D44;E20;1.00;0.1900;;
2021-01-22;B.1.1;B;B.1;E01.L0;E01;1.00;6.3468;;
2021-01-22;B.1.1;B;B.1;E01.L1;E01;0.00;0.0000;;
2021-01-22;B.1.1;B;B.1;E02.L1;E02;0.50;6.3468;;
2021-01-22;B.1.1;B;B.1;E03.L1;E03;0.50;6.3468;;
2021-01-22;B.1.1;B;B.1;E04.L1;E04;1.00;12.6935;;
2021-01-22;B.1.1;B;B.1;E05.L1;E05;1.00;12.6935;;
2021-01-22;B.1.1;B;B.1;E06.L1;E06;1.00;12.6935;;
2021-01-22;B.1.1;B;B.1;E07.L1;E07;0.75;9.5201;;
2021-01-22;B.1.1;B;B.1;E08.L1;E08;0.75;9.5201;;
2021-01-22;B.1.1;B;B.1;E09.L1;E09;0.75;9.5201;;
2021-01-22;B.1.1;B;B.1;E10.L1;E10;1.00;12.6935;;
2021-01-22;B.1.1;B;B.1;E11.L1;E11;1.00;12.6935;;
2021-01-22;B.1.1;B;B.1;E12.L1;E12;1.00;12.6935;;
2021-01-22;B.1.1;B;B.1;E13.L1;E13;0.70;8.8855;;
2021-01-22;B.1.1;B;B.1;E14.L0;E14;1.00;6.3468;;
2021-01-22;B.1.1;B;B.1;E14.L1;E14;0.00;0.0000;;
2021-01-22;B.1.1;B;B.1;E15.L0;E15;0.00;0.0000;;
2021-01-22;B.1.1;B;B.1;E15.L1;E15;0.00;0.0000;;
2021-01-22;B.1.1;B;B.1;E16.L0;E16;1.00;6.3468;;
2021-01-22;B.1.1;B;B.1;E16.L1;E16;0.00;0.0000;;
2021-01-22;B.1.1;B;B.1;E17.L0;E17;1.00;6.3468;;
2021-01-22;B.1.1;B;B.1;E17.L1;E17;0.00;0.0000;;
2021-01-22;B.1.1;B;B.1;E18.L1;E18;1.00;12.6935;;
2021-01-22;B.1.1;B;B.1;E19.L1;E19;0.50;6.3468;;
2021-01-22;B.1.1;B;B.1;E20.L1;E20;1.00;12.6935;;
2021-01-22;B.1.2;B;B.1;E01.L0;E01;1.00;11.6613;;
2021-01-22;B.1.2;B;B.1;E01.L1;E01;0.00;0.0000;;
2021-01-22;B.1.2;B;B.1;E02.L1;E02;0.70;16.3258;;
2021-01-22;B.1.2;B;B.1;E03.L1;E03;0.70;16.3258;;
2021-01-22;B.1.2;B;B.1;E04.L1;E04;1.00;23.3225;;
2021-01-22;B.1.2;B;B.1;E05.L1;E05;1.00;23.3225;;
2021-01-22;B.1.2;B;B.1;E06.L1;E06;1.00;23.3225;;
2021-01-22;B.1.2;B;B.1;E07.L1;E07;1.00;23.3225;;
2021-01-22;B.1.2;B;B.1;E08.L1;E08;1.00;23.3225;;
2021-01-22;B.1.2;B;B.1;E09.L1;E09;1.00;23.3225;;
2021-01-22;B.1.2;B;B.1;E10.L1;E10;1.00;23.3225;;
2021-01-22;B.1.2;B;B.1;E11.L1;E11;1.00;23.3225;;
2021-01-22;B.1.2;B;B.1;E12.L1;E12;1.00;23.3225;;
2021-01-22;B.1.2;B;B.1;E13.L1;E13;0.70;16.3258;;
2021-01-22;B.1.2;B;B.1;E14.L0;E14;1.00;11.6613;;
2021-01-22;B.1.2;B;B.1;E14.L1;E14;0.00;0.0000;;
2021-01-22;B.1.2;B;B.1;E15.L0;E15;0.00;0.0000;;
2021-01-22;B.1.2;B;B.1;E15.L1;E15;0.00;0.0000;;
2021-01-22;B.1.2;B;B.1;E16.L0;E16;1.00;11.6613;;
2021-01-22;B.1.2;B;B.1;E16.L1;E16;0.00;0.0000;;
2021-01-22;B.1.2;B;B.1;E17.L0;E17;1.00;11.6613;;
2021-01-22;B.1.2;B;B.1;E17.L1;E17;0.00;0.0000;;
2021-01-22;B.1.2;B;B.1;E18.L1;E18;1.00;23.3225;;
2021-01-22;B.1.2;B;B.1;E19.L1;E19;0.50;11.6613;;
2021-01-22;B.1.2;B;B.1;E20.L1;E20;1.00;23.3225;;
2021-01-22;B.1.3;B;B.1;E01.L0;E01;1.00;21.5060;;
2021-01-22;B.1.3;B;B.1;E01.L1;E01;0.00;0.0000;;
2021-01-22;B.1.3;B;B.1;E02.L1;E02;0.00;0.0000;;
2021-01-22;B.1.3;B;B.1;E03.L1;E03;0.00;0.0000;;
2021-01-22;B.1.3;B;B.1;E04.L1;E04;1.00;43.0120;;
2021-01-22;B.1.3;B;B.1;E05.L1;E05;1.00;43.0120;;
2021-01-22;B.1.3;B;B.1;E06.L1;E06;1.00;43.0120;;
2021-01-22;B.1.3;B;B.1;E07.L1;E07;1.00;43.0120;;
2021-01-22;B.1.3;B;B.1;E08.L1;E08;1.00;43.0120;;
2021-01-22;B.1.3;B;B.1;E09.L1;E09;1.00;43.0120;;
2021-01-22;B.1.3;B;B.1;E10.L1;E10;1.00;43.0120;;
2021-01-22;B.1.3;B;B.1;E11.L1;E11;1.00;43.0120;;
2021-01-22;B.1.3;B;B.1;E12.L1;E12;1.00;43.0120;;
2021-01-22;B.1.3;B;B.1;E13.L1;E13;0.70;30.1084;;
2021-01-22;B.1.3;B;B.1;E14.L0;E14;1.00;21.5060;;
2021-01-22;B.1.3;B;B.1;E14.L1;E14;0.00;0.0000;;
2021-01-22;B.1.3;B;B.1;E15.L0;E15;0.00;0.0000;;
2021-01-22;B.1.3;B;B.1;E15.L1;E15;0.00;0.0000;;
2021-01-22;B.1.3;B;B.1;E16.L0;E16;1.00;21.5060;;
2021-01-22;B.1.3;B;B.1;E16.L1;E16;0.00;0.0000;;
2021-01-22;B.1.3;B;B.1;E17.L0;E17;1.00;21.5060;;
2021-01-22;B.1.3;B;B.1;E17.L1;E17;0.00;0.0000;;
2021-01-22;B.1.3;B;B.1;E18.L1;E18;1.00;43.0120;;
2021-01-22;B.1.3;B;B.1;E19.L1;E19;0.50;21.5060;;
2021-01-22;B.1.3;B;B.1;E20.L1;E20;1.00;43.0120;;
2021-01-22;B.1.4;B;B.1;E01.L0;E01;1.00;243.0158;;
2021-01-22;B.1.4;B;B.1;E01.L1;E01;0.00;0.0000;;
2021-01-22;B.1.4;B;B.1;E02.L1;E02;0.00;0.0000;;
2021-01-22;B.1.4;B;B.1;E03.L1;E03;0.00;0.0000;;
2021-01-22;B.1.4;B;B.1;E04.L1;E04;1.00;486.0315;;
2021-01-22;B.1.4;B;B.1;E05.L1;E05;1.00;486.0315;;
2021-01-22;B.1.4;B;B.1;E06.L1;E06;1.00;486.0315;;
2021-01-22;B.1.4;B;B.1;E07.L1;E07;1.00;486.0315;;
2021-01-22;B.1.4;B;B.1;E08.L1;E08;1.00;486.0315;;
2021-01-22;B.1.4;B;B.1;E09.L1;E09;1.00;486.0315;;
2021-01-22;B.1.4;B;B.1;E10.L1;E10;1.00;486.0315;;
2021-01-22;B.1.4;B;B.1;E11.L1;E11;1.00;486.0315;;
2021-01-22;B.1.4;B;B.1;E12.L1;E12;1.00;486.0315;;
2021-01-22;B.1.4;B;B.1;E13.L1;E13;0.70;340.2221;;
2021-01-22;B.1.4;B;B.1;E14.L0;E14;1.00;243.0158;;
2021-01-22;B.1.4;B;B.1;E14.L1;E14;0.00;0.0000;;
2021-01-22;B.1.4;B;B.1;E15.L0;E15;0.00;0.0000;;
2021-01-22;B.1.4;B;B.1;E15.L1;E15;0.00;0.0000;;
2021-01-22;B.1.4;B;B.1;E16.L0;E16;1.00;243.0158;;
2021-01-22;B.1.4;B;B.1;E16.L1;E16;0.00;0.0000;;
2021-01-22;B.1.4;B;B.1;E17.L0;E17;1.00;243.0158;;
2021-01-22;B.1.4;B;B.1;E17.L1;E17;0.00;0.0000;;
2021-01-22;B.1.4;B;B.1;E18.L1;E18;1.00;486.0315;;
2021-01-22;B.1.4;B;B.1;E19.L1;E19;0.50;243.0158;;
2021-01-22;B.1.4;B;B.1;E20.L1;E20;1.00;486.0315;;
2021-01-22;B.1.6;B;B.1;E01.L0;E01;1.00;255.9645;;
2021-01-22;B.1.6;B;B.1;E01.L1;E01;0.00;0.0000;;
2021-01-22;B.1.6;B;B.1;E02.L1;E02;0.00;0.0000;;
2021-01-22;B.1.6;B;B.1;E03.L1;E03;0.00;0.0000;;
2021-01-22;B.1.6;B;B.1;E04.L1;E04;1.00;511.9290;;
2021-01-22;B.1.6;B;B.1;E05.L1;E05;1.00;511.9290;;
2021-01-22;B.1.6;B;B.1;E06.L1;E06;1.00;511.9290;;
2021-01-22;B.1.6;B;B.1;E07.L1;E07;1.00;511.9290;;
2021-01-22;B.1.6;B;B.1;E08.L1;E08;1.00;511.9290;;
2021-01-22;B.1.6;B;B.1;E09.L1;E09;1.00;511.9290;;
2021-01-22;B.1.6;B;B.1;E10.L1;E10;1.00;511.9290;;
2021-01-22;B.1.6;B;B.1;E11.L1;E11;1.00;511.9290;;
2021-01-22;B.1.6;B;B.1;E12.L1;E12;1.00;511.9290;;
2021-01-22;B.1.6;B;B.1;E13.L1;E13;0.70;358.3503;;
2021-01-22;B.1.6;B;B.1;E14.L0;E14;1.00;255.9645;;
2021-01-22;B.1.6;B;B.1;E14.L1;E14;0.00;0.0000;;
2021-01-22;B.1.6;B;B.1;E15.L0;E15;0.00;0.0000;;
2021-01-22;B.1.6;B;B.1;E15.L1;E15;0.00;0.0000;;
2021-01-22;B.1.6;B;B.1;E16.L0;E16;1.00;255.9645;;
2021-01-22;B.1.6;B;B.1;E16.L1;E16;0.00;0.0000;;
2021-01-22;B.1.6;B;B.1;E17.L0;E17;1.00;255.9645;;
2021-01-22;B.1.6;B;B.1;E17.L1;E17;0.00;0.0000;;
2021-01-22;B.1.6;B;B.1;E18.L1;E18;1.00;511.9290;;
2021-01-22;B.1.6;B;B.1;E19.L1;E19;0.50;255.9645;;
2021-01-22;B.1.6;B;B.1;E20.L1;E20;1.00;511.9290;;
2021-01-22;B.1.7;B;B.1;E01.L0;E01;1.00;207.1743;;
2021-01-22;B.1.7;B;B.1;E01.L1;E01;0.00;0.0000;;
2021-01-22;B.1.7;B;B.1;E02.L1;E02;0.00;0.0000;;
2021-01-22;B.1.7;B;B.1;E03.L1;E03;0.00;0.0000;;
2021-01-22;B.1.7;B;B.1;E04.L1;E04;1.00;414.3485;;
2021-01-22;B.1.7;B;B.1;E05.L1;E05;1.00;414.3485;;
2021-01-22;B.1.7;B;B.1;E06.L1;E06;1.00;414.3485;;
2021-01-22;B.1.7;B;B.1;E07.L1;E07;1.00;414.3485;;
2021-01-22;B.1.7;B;B.1;E08.L1;E08;1.00;414.3485;;
2021-01-22;B.1.7;B;B.1;E09.L1;E09;1.00;414.3485;;
2021-01-22;B.1.7;B;B.1;E10.L1;E10;1.00;414.3485;;
2021-01-22;B.1.7;B;B.1;E11.L1;E11;1.00;414.3485;;
2021-01-22;B.1.7;B;B.1;E12.L1;E12;1.00;414.3485;;
2021-01-22;B.1.7;B;B.1;E13.L1;E13;0.70;290.0440;;
2021-01-22;B.1.7;B;B.1;E14.L0;E14;1.00;207.1743;;
2021-01-22;B.1.7;B;B.1;E14.L1;E14;0.00;0.0000;;
2021-01-22;B.1.7;B;B.1;E15.L0;E15;0.00;0.0000;;
2021-01-22;B.1.7;B;B.1;E15.L1;E15;0.00;0.0000;;
2021-01-22;B.1.7;B;B.1;E16.L0;E16;1.00;207.1743;;
2021-01-22;B.1.7;B;B.1;E16.L1;E16;0.00;0.0000;;
2021-01-22;B.1.7;B;B.1;E17.L0;E17;1.00;207.1743;;
2021-01-22;B.1.7;B;B.1;E17.L1;E17;0.00;0.0000;;
2021-01-22;B.1.7;B;B.1;E18.L1;E18;1.00;414.3485;;
2021-01-22;B.1.7;B;B.1;E19.L1;E19;0.50;207.1743;;
2021-01-22;B.1.7;B;B.1;E20.L1;E20;1.00;414.3485;;
2021-01-22;B.EX.1;B;B.EX;E10;E10;0.30;42.4556;;
2021-01-22;B.EX.1;B;B.EX;E11;E11;0.30;42.4556;;
2021-01-22;B.EX.1;B;B.EX;E12;E12;0.30;42.4556;;
2021-01-22;B.EX.1;B;B.EX;E20;E20;0.30;42.4556;;
2021-01-22;B.EX.2;B;B.EX;E11;E11;1.00;15.4675;;
2021-01-22;B.EX.2;B;B.EX;E12;E12;1.00;15.4675;;
2021-01-22;B.EX.2;B;B.EX;E13;E13;1.00;15.4675;;
2021-01-22;C.1.1.1;C;C.1;E12.P1.D13;E12;1.00;27.2611;;
2021-01-22;C.1.2.1;C;C.1;E10.P1.D11;E10;1.00;16.5682;;
2021-01-22;C.1.2.1;C;C.1;E10.P1.D12;E10;1.00;16.5682;;
2021-01-22;C.1.2.1;C;C.1;E10.P1.D13;E10;1.00;16.5682;;
2021-01-22;C.1.2.1;C;C.1;E10.P1.D14;E10;1.00;16.5682;;
2021-01-22;C.1.2.1;C;C.1;E10.P2.D21;E10;1.00;16.5682;;
2021-01-22;C.1.2.1;C;C.1;E10.P2.D22;E10;1.00;16.5682;;
2021-01-22;C.1.2.1;C;C.1;E10.P2.D23;E10;1.00;16.5682;;
2021-01-22;C.1.2.1;C;C.1;E10.P2.D24;E10;1.00;16.5682;;
2021-01-22;C.1.2.1;C;C.1;E10.P3.D31;E10;1.00;16.5682;;
2021-01-22;C.1.2.1;C;C.1;E10.P3.D32;E10;1.00;16.5682;;
2021-01-22;C.1.2.1;C;C.1;E10.P3.D33;E10;1.00;16.5682;;
2021-01-22;C.1.2.1;C;C.1;E10.P3.D34;E10;1.00;16.5682;;
2021-01-22;C.1.2.1;C;C.1;E10.P4.D41;E10;1.00;16.5682;;
2021-01-22;C.1.2.1;C;C.1;E10.P4.D42;E10;1.00;16.5682;;
2021-01-22;C.1.2.1;C;C.1;E10.P4.D43;E10;0.50;8.2841;;
2021-01-22;C.1.2.1;C;C.1;E10.P4.D44;E10;0.50;8.2841;;
2021-01-22;C.1.2.1;C;C.1;E11.P1.D11;E11;1.00;16.5682;;
2021-01-22;C.1.2.1;C;C.1;E11.P1.D12;E11;1.00;16.5682;;
2021-01-22;C.1.2.1;C;C.1;E11.P1.D13;E11;1.00;16.5682;;
2021-01-22;C.1.2.1;C;C.1;E11.P1.D14;E11;1.00;16.5682;;
2021-01-22;C.1.2.1;C;C.1;E11.P2.D21;E11;1.00;16.5682;;
2021-01-22;C.1.2.1;C;C.1;E11.P2.D22;E11;1.00;16.5682;;
2021-01-22;C.1.2.1;C;C.1;E11.P2.D23;E11;1.00;16.5682;;
2021-01-22;C.1.2.1;C;C.1;E11.P2.D24;E11;1.00;16.5682;;
2021-01-22;C.1.2.1;C;C.1;E11.P3.D31;E11;0.50;8.2841;;
2021-01-22;C.1.2.1;C;C.1;E11.P3.D32;E11;0.50;8.2841;;
2021-01-22;C.1.2.1;C;C.1;E11.P3.D33;E11;0.50;8.2841;;
2021-01-22;C.1.2.1;C;C.1;E11.P3.D34;E11;0.50;8.2841;;
2021-01-22;C.1.2.1;C;C.1;E12.P1.D11;E12;1.00;16.5682;;
2021-01-22;C.1.2.1;C;C.1;E12.P1.D12;E12;1.00;16.5682;;
2021-01-22;C.1.2.1;C;C.1;E12.P1.D13;E12;1.00;16.5682;;
2021-01-22;C.1.2.1;C;C.1;E12.P1.D14;E12;1.00;16.5682;;
2021-01-22;C.1.2.1;C;C.1;E12.P2.D21;E12;1.00;16.5682;;
2021-01-22;C.1.2.1;C;C.1;E12.P2.D22;E12;1.00;16.5682;;
2021-01-22;C.1.2.1;C;C.1;E12.P2.D23;E12;1.00;16.5682;;
2021-01-22;C.1.2.1;C;C.1;E12.P2.D24;E12;1.00;16.5682;;
2021-01-22;C.1.2.2;C;C.1;E11.P1.D11;E11;0.50;6.9611;;
2021-01-22;C.1.2.2;C;C.1;E11.P1.D12;E11;0.50;6.9611;;
2021-01-22;C.1.2.2;C;C.1;E11.P1.D13;E11;0.50;6.9611;;
2021-01-22;C.1.2.2;C;C.1;E11.P1.D14;E11;0.50;6.9611;;
2021-01-22;C.1.2.2;C;C.1;E11.P2.D21;E11;0.50;6.9611;;
2021-01-22;C.1.2.2;C;C.1;E11.P2.D22;E11;0.50;6.9611;;
2021-01-22;C.1.2.2;C;C.1;E11.P2.D23;E11;0.50;6.9611;;
2021-01-22;C.1.2.2;C;C.1;E11.P2.D24;E11;0.50;6.9611;;
2021-01-22;C.1.2.2;C;C.1;E12.P1.D11;E12;1.00;13.9222;;
2021-01-22;C.1.2.2;C;C.1;E12.P1.D12;E12;1.00;13.9222;;
2021-01-22;C.1.2.2;C;C.1;E12.P1.D13;E12;1.00;13.9222;;
2021-01-22;C.1.2.2;C;C.1;E12.P1.D14;E12;0.50;6.9611;;
2021-01-22;C.1.2.2;C;C.1;E12.P2.D21;E12;0.50;6.9611;;
2021-01-22;C.1.2.2;C;C.1;E12.P2.D22;E12;0.50;6.9611;;
2021-01-22;C.1.2.2;C;C.1;E12.P2.D23;E12;0.50;6.9611;;
2021-01-22;C.1.2.2;C;C.1;E12.P2.D24;E12;0.50;6.9611;;
2021-01-22;C.1.3.3;C;C.1;E11.P1.D11;E11;0.50;11.1771;;
2021-01-22;C.1.3.3;C;C.1;E11.P1.D12;E11;0.50;11.1771;;
2021-01-22;C.1.3.3;C;C.1;E11.P1.D13;E11;0.50;11.1771;;
2021-01-22;C.1.3.3;C;C.1;E11.P1.D14;E11;0.50;11.1771;;
2021-01-22;C.1.3.3;C;C.1;E11.P2.D21;E11;0.50;11.1771;;
2021-01-22;C.1.3.3;C;C.1;E11.P2.D22;E11;0.50;11.1771;;
2021-01-22;C.1.3.3;C;C.1;E11.P2.D23;E11;0.50;11.1771;;
2021-01-22;C.1.3.3;C;C.1;E11.P2.D24;E11;0.50;11.1771;;
2021-01-22;C.1.3.3;C;C.1;E12.P1.D11;E12;1.00;22.3542;;
2021-01-22;C.1.3.3;C;C.1;E12.P1.D12;E12;1.00;22.3542;;
2021-01-22;C.1.3.3;C;C.1;E12.P1.D13;E12;1.00;22.3542;;
2021-01-22;C.1.3.3;C;C.1;E12.P1.D14;E12;0.50;11.1771;;
2021-01-22;C.1.3.3;C;C.1;E12.P2.D21;E12;0.50;11.1771;;
2021-01-22;C.1.3.3;C;C.1;E12.P2.D22;E12;0.50;11.1771;;
2021-01-22;C.1.3.3;C;C.1;E12.P2.D23;E12;0.50;11.1771;;
2021-01-22;C.1.3.3;C;C.1;E12.P2.D24;E12;0.50;11.1771;;
2021-01-22;C.10.2;C;C.10;E12.P1.D13;E12;0.50;1.5423;;
2021-01-22;C.11.2;C;C.11;E12.P1.D13;E12;0.50;4.6519;;
2021-01-22;C.11.6;C;C.11;E12.P1.D13;E12;1.00;2.6936;;
2021-01-22;C.11.7;C;C.11;E12.P1.D13;E12;1.00;9.7715;;
2021-01-22;C.3.1;C;C.3;E10.P1.D11;E10;1.00;13.6436;;
2021-01-22;C.3.1;C;C.3;E10.P1.D12;E10;1.00;13.6436;;
2021-01-22;C.3.1;C;C.3;E10.P1.D13;E10;1.00;13.6436;;
2021-01-22;C.3.1;C;C.3;E10.P1.D14;E10;1.00;13.6436;;
2021-01-22;C.3.1;C;C.3;E10.P2.D21;E10;1.00;13.6436;;
2021-01-22;C.3.1;C;C.3;E10.P2.D22;E10;1.00;13.6436;;
2021-01-22;C.3.1;C;C.3;E10.P2.D23;E10;1.00;13.6436;;
2021-01-22;C.3.1;C;C.3;E10.P2.D24;E10;1.00;13.6436;;
2021-01-22;C.3.1;C;C.3;E10.P3.D31;E10;1.00;13.6436;;
2021-01-22;C.3.1;C;C.3;E10.P3.D32;E10;1.00;13.6436;;
2021-01-22;C.3.1;C;C.3;E10.P3.D33;E10;1.00;13.6436;;
2021-01-22;C.3.1;C;C.3;E10.P3.D34;E10;1.00;13.6436;;
2021-01-22;C.3.1;C;C.3;E10.P4.D41;E10;1.00;13.6436;;
2021-01-22;C.3.1;C;C.3;E10.P4.D42;E10;1.00;13.6436;;
2021-01-22;C.3.1;C;C.3;E10.P4.D43;E10;0.50;6.8218;;
2021-01-22;C.3.1;C;C.3;E10.P4.D44;E10;0.50;6.8218;;
2021-01-22;C.3.1;C;C.3;E11.P1.D11;E11;1.00;13.6436;;
2021-01-22;C.3.1;C;C.3;E11.P1.D12;E11;1.00;13.6436;;
2021-01-22;C.3.1;C;C.3;E11.P1.D13;E11;1.00;13.6436;;
2021-01-22;C.3.1;C;C.3;E11.P1.D14;E11;1.00;13.6436;;
2021-01-22;C.3.1;C;C.3;E11.P2.D21;E11;1.00;13.6436;;
2021-01-22;C.3.1;C;C.3;E11.P2.D22;E11;1.00;13.6436;;
2021-01-22;C.3.1;C;C.3;E11.P2.D23;E11;1.00;13.6436;;
2021-01-22;C.3.1;C;C.3;E11.P2.D24;E11;1.00;13.6436;;
2021-01-22;C.3.1;C;C.3;E11.P3.D31;E11;1.00;13.6436;;
2021-01-22;C.3.1;C;C.3;E11.P3.D32;E11;0.50;6.8218;;
2021-01-22;C.3.1;C;C.3;E11.P3.D33;E11;0.50;6.8218;;
2021-01-22;C.3.1;C;C.3;E12.P1.D11;E12;1.00;13.6436;;
2021-01-22;C.3.1;C;C.3;E12.P1.D12;E12;1.00;13.6436;;
2021-01-22;C.3.1;C;C.3;E12.P1.D13;E12;1.00;13.6436;;
2021-01-22;C.3.1;C;C.3;E12.P1.D14;E12;1.00;13.6436;;
2021-01-22;C.3.1;C;C.3;E12.P2.D21;E12;1.00;13.6436;;
2021-01-22;C.3.1;C;C.3;E12.P2.D22;E12;1.00;13.6436;;
2021-01-22;C.3.1;C;C.3;E12.P2.D23;E12;1.00;13.6436;;
2021-01-22;C.3.1;C;C.3;E12.P2.D24;E12;1.00;13.6436;;
2021-01-22;C.5.1;C;C.5;E12.P1.D13;E12;1.00;10.0583;;
2021-01-22;C.9.1.1;C;C.9;E12.P1.D13;E12;1.00;3.2699;;
2021-01-22;C.9.2.1;C;C.9;E12.P1.D13;E12;1.00;6.3423;;
2021-01-22;C.9.3.2;C;C.9;E12.P1.D13;E12;1.00;2.9255;;
2021-01-22;C.9.3.3;C;C.9;E12.P1.D13;E12;1.00;4.7150;;
2021-01-22;C.9.4.1;C;C.9;E12.P1.D13;E12;1.00;1.5412;;
2021-01-22;C.9.4.2;C;C.9;E12.P1.D13;E12;1.00;0.5255;;
2021-01-22;C.9.5.1;C;C.9;E12.P1.D13;E12;1.00;42.2531;;
2021-01-22;C.9.6;C;C.9;E12.P1.D13;E12;1.00;2.2669;;
2021-01-22;C.EX.1;C;C.EX;E12.P1.D13;E12;1.00;3.0580;;
2021-01-22;C.EX.11;C;C.EX;E12.P1.D13;E12;1.00;30.5789;;
2021-01-22;C.EX.17;C;C.EX;E12.P1.D13;E12;1.00;8.2133;;
2021-01-22;D.1.1;D;D.1;E12.P1.D13;E12;1.00;2.1951;;
2021-01-22;D.1.2;D;D.1;E12.P1.D13;E12;1.00;1.5052;;
2021-01-22;D.1.4;D;D.1;E12.P1.D13;E12;1.00;2.2451;;
2021-01-22;D.1.6;D;D.1;E12.P1.D13;E12;1.00;1.3651;;
2021-01-22;D.1.7;D;D.1;E12.P1.D13;E12;1.00;1.5379;;
2021-01-22;D.2.4;D;D.2;E04.P2.D21;E04;0.90;10.3500;;
2021-01-22;D.2.4;D;D.2;E04.P2.D22;E04;0.90;10.3500;;
2021-01-22;D.2.4;D;D.2;E04.P2.D23;E04;0.90;10.3500;;
2021-01-22;D.2.4;D;D.2;E04.P2.D24;E04;0.90;10.3500;;
2021-01-22;D.2.4;D;D.2;E04.P3.D31;E04;0.90;10.3500;;
2021-01-22;D.2.4;D;D.2;E04.P3.D32;E04;0.90;10.3500;;
2021-01-22;D.2.4;D;D.2;E04.P3.D33;E04;0.90;10.3500;;
2021-01-22;D.2.4;D;D.2;E05.P2.D21;E05;0.90;10.3500;;
2021-01-22;D.2.4;D;D.2;E05.P2.D22;E05;0.90;10.3500;;
2021-01-22;D.2.4;D;D.2;E05.P2.D23;E05;0.90;10.3500;;
2021-01-22;D.2.4;D;D.2;E05.P2.D24;E05;0.90;10.3500;;
2021-01-22;D.2.4;D;D.2;E06.P2.D21;E06;0.90;10.3500;;
2021-01-22;D.2.4;D;D.2;E06.P2.D22;E06;0.90;10.3500;;
2021-01-22;D.2.4;D;D.2;E06.P2.D23;E06;0.90;10.3500;;
2021-01-22;D.2.4;D;D.2;E06.P2.D24;E06;0.90;10.3500;;
2021-01-22;D.2.4;D;D.2;E09.P2.D21;E09;0.90;10.3500;;
2021-01-22;D.2.4;D;D.2;E09.P2.D22;E09;0.90;10.3500;;
2021-01-22;D.2.4;D;D.2;E09.P2.D23;E09;0.90;10.3500;;
2021-01-22;D.2.4;D;D.2;E09.P2.D24;E09;0.90;10.3500;;
2021-01-22;D.2.4;D;D.2;E09.P3.D31;E09;0.90;10.3500;;
2021-01-22;D.2.4;D;D.2;E09.P3.D32;E09;0.90;10.3500;;
2021-01-22;D.2.4;D;D.2;E10.P1.D11;E10;0.60;6.9000;;
2021-01-22;D.2.4;D;D.2;E10.P1.D12;E10;0.60;6.9000;;
2021-01-22;D.2.4;D;D.2;E10.P1.D13;E10;0.60;6.9000;;
2021-01-22;D.2.4;D;D.2;E10.P1.D14;E10;0.90;10.3500;;
2021-01-22;D.2.4;D;D.2;E10.P2.D21;E10;0.90;10.3500;;
2021-01-22;D.2.4;D;D.2;E10.P2.D22;E10;0.90;10.3500;;
2021-01-22;D.2.4;D;D.2;E10.P2.D23;E10;0.90;10.3500;;
2021-01-22;D.2.4;D;D.2;E10.P2.D24;E10;0.90;10.3500;;
2021-01-22;D.2.4;D;D.2;E10.P3.D31;E10;0.90;10.3500;;
2021-01-22;D.2.4;D;D.2;E10.P3.D32;E10;0.90;10.3500;;
2021-01-22;D.2.4;D;D.2;E10.P3.D33;E10;0.90;10.3500;;
2021-01-22;D.2.4;D;D.2;E10.P3.D34;E10;0.90;10.3500;;
2021-01-22;D.2.4;D;D.2;E10.P4.D41;E10;0.90;10.3500;;
2021-01-22;D.2.4;D;D.2;E10.P4.D42;E10;0.90;10.3500;;
2021-01-22;D.2.4;D;D.2;E10.P4.D43;E10;0.90;10.3500;;
2021-01-22;D.2.4;D;D.2;E10.P4.D44;E10;0.90;10.3500;;
2021-01-22;D.2.4;D;D.2;E11.P1.D11;E11;0.90;10.3500;;
2021-01-22;D.2.4;D;D.2;E11.P1.D12;E11;0.90;10.3500;;
2021-01-22;D.2.4;D;D.2;E11.P1.D13;E11;0.90;10.3500;;
2021-01-22;D.2.4;D;D.2;E11.P1.D14;E11;0.90;10.3500;;
2021-01-22;D.2.4;D;D.2;E11.P2.D21;E11;0.90;10.3500;;
2021-01-22;D.2.4;D;D.2;E11.P2.D22;E11;0.90;10.3500;;
2021-01-22;D.2.4;D;D.2;E11.P2.D23;E11;0.90;10.3500;;
2021-01-22;D.2.4;D;D.2;E11.P2.D24;E11;0.90;10.3500;;
2021-01-22;D.2.4;D;D.2;E11.P3.D31;E11;0.90;10.3500;;
2021-01-22;D.2.4;D;D.2;E11.P3.D32;E11;0.90;10.3500;;
2021-01-22;D.2.4;D;D.2;E11.P3.D33;E11;0.90;10.3500;;
2021-01-22;D.2.4;D;D.2;E11.P3.D34;E11;0.90;10.3500;;
2021-01-22;D.2.4;D;D.2;E11.P4.D41;E11;0.90;10.3500;;
2021-01-22;D.2.4;D;D.2;E11.P4.D42;E11;0.90;10.3500;;
2021-01-22;D.2.4;D;D.2;E11.P4.D43;E11;0.90;10.3500;;
2021-01-22;D.2.4;D;D.2;E11.P4.D44;E11;0.90;10.3500;;
2021-01-22;D.2.4;D;D.2;E12.P1.D11;E12;0.90;10.3500;;
2021-01-22;D.2.4;D;D.2;E12.P1.D12;E12;0.90;10.3500;;
2021-01-22;D.2.4;D;D.2;E12.P1.D13;E12;1.00;11.5000;;
2021-01-22;D.2.4;D;D.2;E12.P1.D14;E12;0.90;10.3500;;
2021-01-22;D.2.4;D;D.2;E12.P2.D21;E12;0.90;10.3500;;
2021-01-22;D.2.4;D;D.2;E12.P2.D22;E12;0.90;10.3500;;
2021-01-22;D.2.4;D;D.2;E12.P2.D23;E12;0.90;10.3500;;
2021-01-22;D.2.4;D;D.2;E12.P2.D24;E12;0.90;10.3500;;
2021-01-22;D.2.4;D;D.2;E12.P3.D31;E12;0.90;10.3500;;
2021-01-22;D.2.4;D;D.2;E12.P3.D32;E12;0.90;10.3500;;
2021-01-22;D.2.4;D;D.2;E12.P3.D33;E12;0.90;10.3500;;
2021-01-22;D.2.4;D;D.2;E12.P3.D34;E12;0.90;10.3500;;
2021-01-22;D.2.4;D;D.2;E12.P4.D41;E12;0.90;10.3500;;
2021-01-22;D.2.4;D;D.2;E12.P4.D42;E12;0.90;10.3500;;
2021-01-22;D.2.4;D;D.2;E12.P4.D43;E12;0.90;10.3500;;
2021-01-22;D.2.4;D;D.2;E12.P4.D44;E12;0.90;10.3500;;
2021-01-22;D.2.4;D;D.2;E20.P2.D21;E20;0.90;10.3500;;
2021-01-22;D.2.4;D;D.2;E20.P2.D22;E20;0.90;10.3500;;
2021-01-22;D.2.4;D;D.2;E20.P2.D23;E20;0.90;10.3500;;
2021-01-22;D.2.4;D;D.2;E20.P2.D24;E20;0.90;10.3500;;
2021-01-22;D.2.4;D;D.2;E20.P3.D31;E20;0.90;10.3500;;
2021-01-22;D.2.4;D;D.2;E20.P3.D32;E20;0.90;10.3500;;
2021-01-22;D.2.4;D;D.2;E20.P3.D33;E20;0.90;10.3500;;
2021-01-22;D.2.4;D;D.2;E20.P3.D34;E20;0.90;10.3500;;
2021-01-22;D.2.4;D;D.2;E20.P4.D41;E20;0.90;10.3500;;
2021-01-22;D.2.4;D;D.2;E20.P4.D42;E20;0.90;10.3500;;
2021-01-22;D.2.4;D;D.2;E20.P4.D43;E20;0.90;10.3500;;
2021-01-22;D.2.4;D;D.2;E20.P4.D44;E20;0.90;10.3500;;
2021-01-22;D.2.5;D;D.2;E04.P2.D21;E04;0.90;6.6600;;
2021-01-22;D.2.5;D;D.2;E04.P2.D22;E04;0.90;6.6600;;
2021-01-22;D.2.5;D;D.2;E04.P2.D23;E04;0.90;6.6600;;
2021-01-22;D.2.5;D;D.2;E04.P2.D24;E04;0.90;6.6600;;
2021-01-22;D.2.5;D;D.2;E04.P3.D31;E04;0.90;6.6600;;
2021-01-22;D.2.5;D;D.2;E04.P3.D32;E04;0.90;6.6600;;
2021-01-22;D.2.5;D;D.2;E04.P3.D33;E04;0.90;6.6600;;
2021-01-22;D.2.5;D;D.2;E05.P2.D21;E05;0.90;6.6600;;
2021-01-22;D.2.5;D;D.2;E05.P2.D22;E05;0.90;6.6600;;
2021-01-22;D.2.5;D;D.2;E05.P2.D23;E05;0.90;6.6600;;
2021-01-22;D.2.5;D;D.2;E05.P2.D24;E05;0.90;6.6600;;
2021-01-22;D.2.5;D;D.2;E06.P2.D21;E06;0.90;6.6600;;
2021-01-22;D.2.5;D;D.2;E06.P2.D22;E06;0.90;6.6600;;
2021-01-22;D.2.5;D;D.2;E06.P2.D23;E06;0.90;6.6600;;
2021-01-22;D.2.5;D;D.2;E06.P2.D24;E06;0.90;6.6600;;
2021-01-22;D.2.5;D;D.2;E09.P2.D21;E09;0.90;6.6600;;
2021-01-22;D.2.5;D;D.2;E09.P2.D22;E09;0.90;6.6600;;
2021-01-22;D.2.5;D;D.2;E09.P2.D23;E09;0.90;6.6600;;
2021-01-22;D.2.5;D;D.2;E09.P2.D24;E09;0.90;6.6600;;
2021-01-22;D.2.5;D;D.2;E09.P3.D31;E09;0.90;6.6600;;
2021-01-22;D.2.5;D;D.2;E09.P3.D32;E09;0.90;6.6600;;
2021-01-22;D.2.5;D;D.2;E10.P1.D11;E10;0.60;4.4400;;
2021-01-22;D.2.5;D;D.2;E10.P1.D12;E10;0.60;4.4400;;
2021-01-22;D.2.5;D;D.2;E10.P1.D13;E10;0.60;4.4400;;
2021-01-22;D.2.5;D;D.2;E10.P1.D14;E10;0.90;6.6600;;
2021-01-22;D.2.5;D;D.2;E10.P2.D21;E10;0.90;6.6600;;
2021-01-22;D.2.5;D;D.2;E10.P2.D22;E10;0.90;6.6600;;
2021-01-22;D.2.5;D;D.2;E10.P2.D23;E10;0.90;6.6600;;
2021-01-22;D.2.5;D;D.2;E10.P2.D24;E10;0.90;6.6600;;
2021-01-22;D.2.5;D;D.2;E10.P3.D31;E10;0.90;6.6600;;
2021-01-22;D.2.5;D;D.2;E10.P3.D32;E10;0.90;6.6600;;
2021-01-22;D.2.5;D;D.2;E10.P3.D33;E10;0.90;6.6600;;
2021-01-22;D.2.5;D;D.2;E10.P3.D34;E10;0.90;6.6600;;
2021-01-22;D.2.5;D;D.2;E10.P4.D41;E10;0.90;6.6600;;
2021-01-22;D.2.5;D;D.2;E10.P4.D42;E10;0.90;6.6600;;
2021-01-22;D.2.5;D;D.2;E10.P4.D43;E10;0.90;6.6600;;
2021-01-22;D.2.5;D;D.2;E10.P4.D44;E10;0.90;6.6600;;
2021-01-22;D.2.5;D;D.2;E11.P1.D11;E11;0.90;6.6600;;
2021-01-22;D.2.5;D;D.2;E11.P1.D12;E11;0.90;6.6600;;
2021-01-22;D.2.5;D;D.2;E11.P1.D13;E11;0.90;6.6600;;
2021-01-22;D.2.5;D;D.2;E11.P1.D14;E11;0.90;6.6600;;
2021-01-22;D.2.5;D;D.2;E11.P2.D21;E11;0.90;6.6600;;
2021-01-22;D.2.5;D;D.2;E11.P2.D22;E11;0.90;6.6600;;
2021-01-22;D.2.5;D;D.2;E11.P2.D23;E11;0.90;6.6600;;
2021-01-22;D.2.5;D;D.2;E11.P2.D24;E11;0.90;6.6600;;
2021-01-22;D.2.5;D;D.2;E11.P3.D31;E11;0.90;6.6600;;
2021-01-22;D.2.5;D;D.2;E11.P3.D32;E11;0.90;6.6600;;
2021-01-22;D.2.5;D;D.2;E11.P3.D33;E11;0.90;6.6600;;
2021-01-22;D.2.5;D;D.2;E11.P3.D34;E11;0.90;6.6600;;
2021-01-22;D.2.5;D;D.2;E11.P4.D41;E11;0.90;6.6600;;
2021-01-22;D.2.5;D;D.2;E11.P4.D42;E11;0.90;6.6600;;
2021-01-22;D.2.5;D;D.2;E11.P4.D43;E11;0.90;6.6600;;
2021-01-22;D.2.5;D;D.2;E11.P4.D44;E11;0.90;6.6600;;
2021-01-22;D.2.5;D;D.2;E12.P1.D11;E12;0.90;6.6600;;
2021-01-22;D.2.5;D;D.2;E12.P1.D12;E12;0.90;6.6600;;
2021-01-22;D.2.5;D;D.2;E12.P1.D13;E12;1.00;7.4000;;
2021-01-22;D.2.5;D;D.2;E12.P1.D14;E12;0.90;6.6600;;
2021-01-22;D.2.5;D;D.2;E12.P2.D21;E12;0.90;6.6600;;
2021-01-22;D.2.5;D;D.2;E12.P2.D22;E12;0.90;6.6600;;
2021-01-22;D.2.5;D;D.2;E12.P2.D23;E12;0.90;6.6600;;
2021-01-22;D.2.5;D;D.2;E12.P2.D24;E12;0.90;6.6600;;
2021-01-22;D.2.5;D;D.2;E12.P3.D31;E12;0.90;6.6600;;
2021-01-22;D.2.5;D;D.2;E12.P3.D32;E12;0.90;6.6600;;
2021-01-22;D.2.5;D;D.2;E12.P3.D33;E12;0.90;6.6600;;
2021-01-22;D.2.5;D;D.2;E12.P3.D34;E12;0.90;6.6600;;
2021-01-22;D.2.5;D;D.2;E12.P4.D41;E12;0.90;6.6600;;
2021-01-22;D.2.5;D;D.2;E12.P4.D42;E12;0.90;6.6600;;
2021-01-22;D.2.5;D;D.2;E12.P4.D43;E12;0.90;6.6600;;
2021-01-22;D.2.5;D;D.2;E12.P4.D44;E12;0.90;6.6600;;
2021-01-22;D.2.5;D;D.2;E20.P2.D21;E20;0.90;6.6600;;
2021-01-22;D.2.5;D;D.2;E20.P2.D22;E20;0.90;6.6600;;
2021-01-22;D.2.5;D;D.2;E20.P2.D23;E20;0.90;6.6600;;
2021-01-22;D.2.5;D;D.2;E20.P2.D24;E20;0.90;6.6600;;
2021-01-22;D.2.5;D;D.2;E20.P3.D31;E20;0.90;6.6600;;
2021-01-22;D.2.5;D;D.2;E20.P3.D32;E20;0.90;6.6600;;
2021-01-22;D.2.5;D;D.2;E20.P3.D33;E20;0.90;6.6600;;
2021-01-22;D.2.5;D;D.2;E20.P3.D34;E20;0.90;6.6600;;
2021-01-22;D.2.5;D;D.2;E20.P4.D41;E20;0.90;6.6600;;
2021-01-22;D.2.5;D;D.2;E20.P4.D42;E20;0.90;6.6600;;
2021-01-22;D.2.5;D;D.2;E20.P4.D43;E20;0.90;6.6600;;
2021-01-22;D.2.5;D;D.2;E20.P4.D44;E20;0.90;6.6600;;
2021-01-22;D.3.2;D;D.3;E10.P1.D11;E10;0.90;9.2700;;
2021-01-22;D.3.2;D;D.3;E10.P1.D12;E10;0.90;9.2700;;
2021-01-22;D.3.2;D;D.3;E10.P1.D13;E10;0.90;9.2700;;
2021-01-22;D.3.2;D;D.3;E10.P1.D14;E10;0.90;9.2700;;
2021-01-22;D.3.2;D;D.3;E10.P2.D21;E10;0.90;9.2700;;
2021-01-22;D.3.2;D;D.3;E10.P2.D22;E10;0.90;9.2700;;
2021-01-22;D.3.2;D;D.3;E10.P2.D23;E10;0.90;9.2700;;
2021-01-22;D.3.2;D;D.3;E10.P2.D24;E10;0.90;9.2700;;
2021-01-22;D.3.2;D;D.3;E10.P3.D31;E10;0.90;9.2700;;
2021-01-22;D.3.2;D;D.3;E10.P3.D32;E10;0.90;9.2700;;
2021-01-22;D.3.2;D;D.3;E10.P3.D33;E10;0.90;9.2700;;
2021-01-22;D.3.2;D;D.3;E10.P3.D34;E10;0.90;9.2700;;
2021-01-22;D.3.2;D;D.3;E10.P4.D41;E10;0.90;9.2700;;
2021-01-22;D.3.2;D;D.3;E10.P4.D42;E10;0.90;9.2700;;
2021-01-22;D.3.2;D;D.3;E10.P4.D43;E10;0.90;9.2700;;
2021-01-22;D.3.2;D;D.3;E10.P4.D44;E10;0.90;9.2700;;
2021-01-22;D.3.2;D;D.3;E11.P1.D11;E11;0.90;9.2700;;
2021-01-22;D.3.2;D;D.3;E11.P1.D12;E11;0.90;9.2700;;
2021-01-22;D.3.2;D;D.3;E11.P1.D13;E11;0.90;9.2700;;
2021-01-22;D.3.2;D;D.3;E11.P1.D14;E11;0.90;9.2700;;
2021-01-22;D.3.2;D;D.3;E11.P2.D21;E11;0.90;9.2700;;
2021-01-22;D.3.2;D;D.3;E11.P2.D22;E11;0.90;9.2700;;
2021-01-22;D.3.2;D;D.3;E11.P2.D23;E11;0.90;9.2700;;
2021-01-22;D.3.2;D;D.3;E11.P2.D24;E11;0.90;9.2700;;
2021-01-22;D.3.2;D;D.3;E11.P3.D31;E11;0.90;9.2700;;
2021-01-22;D.3.2;D;D.3;E11.P3.D32;E11;0.90;9.2700;;
2021-01-22;D.3.2;D;D.3;E11.P3.D33;E11;0.90;9.2700;;
2021-01-22;D.3.2;D;D.3;E11.P3.D34;E11;0.90;9.2700;;
2021-01-22;D.3.2;D;D.3;E11.P4.D41;E11;0.90;9.2700;;
2021-01-22;D.3.2;D;D.3;E11.P4.D42;E11;0.90;9.2700;;
2021-01-22;D.3.2;D;D.3;E11.P4.D43;E11;0.90;9.2700;;
2021-01-22;D.3.2;D;D.3;E11.P4.D44;E11;0.90;9.2700;;
2021-01-22;D.3.2;D;D.3;E12.P1.D11;E12;0.90;9.2700;;
2021-01-22;D.3.2;D;D.3;E12.P1.D12;E12;0.90;9.2700;;
2021-01-22;D.3.2;D;D.3;E12.P1.D13;E12;1.00;10.3000;;
2021-01-22;D.3.2;D;D.3;E12.P1.D14;E12;0.90;9.2700;;
2021-01-22;D.3.2;D;D.3;E12.P2.D21;E12;0.90;9.2700;;
2021-01-22;D.3.2;D;D.3;E12.P2.D22;E12;0.90;9.2700;;
2021-01-22;D.3.2;D;D.3;E12.P2.D23;E12;0.90;9.2700;;
2021-01-22;D.3.2;D;D.3;E12.P2.D24;E12;0.90;9.2700;;
2021-01-22;D.4.2;D;D.4;E12.P1.D13;E12;1.00;6.4400;;
2021-01-22;D.4.5;D;D.4;E10.P1.D11;E10;0.40;10.1200;;
2021-01-22;D.4.5;D;D.4;E10.P1.D12;E10;0.40;10.1200;;
2021-01-22;D.4.5;D;D.4;E10.P1.D13;E10;0.40;10.1200;;
2021-01-22;D.4.5;D;D.4;E10.P1.D14;E10;0.40;10.1200;;
2021-01-22;D.4.5;D;D.4;E10.P2.D21;E10;0.40;10.1200;;
2021-01-22;D.4.5;D;D.4;E10.P2.D22;E10;0.40;10.1200;;
2021-01-22;D.4.5;D;D.4;E10.P2.D23;E10;0.40;10.1200;;
2021-01-22;D.4.5;D;D.4;E10.P2.D24;E10;0.40;10.1200;;
2021-01-22;D.4.5;D;D.4;E10.P3.D31;E10;0.40;10.1200;;
2021-01-22;D.4.5;D;D.4;E10.P3.D32;E10;0.40;10.1200;;
2021-01-22;D.4.5;D;D.4;E10.P3.D33;E10;0.40;10.1200;;
2021-01-22;D.4.5;D;D.4;E10.P3.D34;E10;0.40;10.1200;;
2021-01-22;D.4.5;D;D.4;E10.P4.D41;E10;0.30;7.5900;;
2021-01-22;D.4.5;D;D.4;E10.P4.D42;E10;0.30;7.5900;;
2021-01-22;D.4.5;D;D.4;E10.P4.D43;E10;0.30;7.5900;;
2021-01-22;D.4.5;D;D.4;E10.P4.D44;E10;0.30;7.5900;;
2021-01-22;D.4.5;D;D.4;E11.P1.D11;E11;0.60;15.1800;;
2021-01-22;D.4.5;D;D.4;E11.P1.D12;E11;0.60;15.1800;;
2021-01-22;D.4.5;D;D.4;E11.P1.D13;E11;0.60;15.1800;;
2021-01-22;D.4.5;D;D.4;E11.P1.D14;E11;0.60;15.1800;;
2021-01-22;D.4.5;D;D.4;E11.P2.D21;E11;0.30;7.5900;;
2021-01-22;D.4.5;D;D.4;E11.P2.D22;E11;0.30;7.5900;;
2021-01-22;D.4.5;D;D.4;E11.P2.D23;E11;0.30;7.5900;;
2021-01-22;D.4.5;D;D.4;E11.P2.D24;E11;0.30;7.5900;;
2021-01-22;D.4.5;D;D.4;E11.P3.D31;E11;0.30;7.5900;;
2021-01-22;D.4.5;D;D.4;E11.P3.D32;E11;0.30;7.5900;;
2021-01-22;D.4.5;D;D.4;E11.P3.D33;E11;0.30;7.5900;;
2021-01-22;D.4.5;D;D.4;E11.P3.D34;E11;0.30;7.5900;;
2021-01-22;D.4.5;D;D.4;E12.P1.D11;E12;0.60;15.1800;;
2021-01-22;D.4.5;D;D.4;E12.P1.D12;E12;0.60;15.1800;;
2021-01-22;D.4.5;D;D.4;E12.P1.D13;E12;0.80;20.2400;;
2021-01-22;D.4.5;D;D.4;E12.P1.D14;E12;0.60;15.1800;;
2021-01-22;D.4.5;D;D.4;E12.P2.D21;E12;0.60;15.1800;;
2021-01-22;D.4.5;D;D.4;E12.P2.D22;E12;0.60;15.1800;;
2021-01-22;D.4.5;D;D.4;E12.P2.D23;E12;0.60;15.1800;;
2021-01-22;D.4.5;D;D.4;E12.P2.D24;E12;0.60;15.1800;;
2021-01-22;D.4.5;D;D.4;E12.P3.D31;E12;0.30;7.5900;;
2021-01-22;D.4.5;D;D.4;E12.P3.D32;E12;0.30;7.5900;;
2021-01-22;D.4.5;D;D.4;E12.P3.D33;E12;0.30;7.5900;;
2021-01-22;D.4.5;D;D.4;E12.P3.D34;E12;0.30;7.5900;;
2021-01-22;D.4.5;D;D.4;E12.P4.D41;E12;0.30;7.5900;;
2021-01-22;D.4.5;D;D.4;E12.P4.D42;E12;0.30;7.5900;;
2021-01-22;D.4.5;D;D.4;E12.P4.D43;E12;0.30;7.5900;;
2021-01-22;D.4.5;D;D.4;E12.P4.D44;E12;0.30;7.5900;;
2021-01-22;D.5.3;D;D.5;E04.P1.D11;E04;0.60;2.7300;;
2021-01-22;D.5.3;D;D.5;E04.P1.D12;E04;0.60;2.7300;;
2021-01-22;D.5.3;D;D.5;E04.P1.D13;E04;0.60;2.7300;;
2021-01-22;D.5.3;D;D.5;E04.P1.D14;E04;0.60;2.7300;;
2021-01-22;D.5.3;D;D.5;E04.P2.D21;E04;0.60;2.7300;;
2021-01-22;D.5.3;D;D.5;E04.P2.D22;E04;0.60;2.7300;;
2021-01-22;D.5.3;D;D.5;E04.P2.D23;E04;0.60;2.7300;;
2021-01-22;D.5.3;D;D.5;E04.P2.D24;E04;0.60;2.7300;;
2021-01-22;D.5.3;D;D.5;E05.P1.D11;E05;0.60;2.7300;;
2021-01-22;D.5.3;D;D.5;E05.P1.D12;E05;0.60;2.7300;;
2021-01-22;D.5.3;D;D.5;E05.P1.D13;E05;0.60;2.7300;;
2021-01-22;D.5.3;D;D.5;E05.P1.D14;E05;0.60;2.7300;;
2021-01-22;D.5.3;D;D.5;E05.P2.D21;E05;0.60;2.7300;;
2021-01-22;D.5.3;D;D.5;E05.P2.D22;E05;0.60;2.7300;;
2021-01-22;D.5.3;D;D.5;E05.P2.D23;E05;0.60;2.7300;;
2021-01-22;D.5.3;D;D.5;E05.P2.D24;E05;0.60;2.7300;;
2021-01-22;D.5.3;D;D.5;E06.P1.D11;E06;0.60;2.7300;;
2021-01-22;D.5.3;D;D.5;E06.P1.D12;E06;0.60;2.7300;;
2021-01-22;D.5.3;D;D.5;E06.P1.D13;E06;0.60;2.7300;;
2021-01-22;D.5.3;D;D.5;E06.P1.D14;E06;0.60;2.7300;;
2021-01-22;D.5.3;D;D.5;E06.P2.D21;E06;0.60;2.7300;;
2021-01-22;D.5.3;D;D.5;E06.P2.D22;E06;0.60;2.7300;;
2021-01-22;D.5.3;D;D.5;E09.P1.D11;E09;0.60;2.7300;;
2021-01-22;D.5.3;D;D.5;E09.P1.D12;E09;0.60;2.7300;;
2021-01-22;D.5.3;D;D.5;E09.P1.D13;E09;0.60;2.7300;;
2021-01-22;D.5.3;D;D.5;E09.P1.D14;E09;0.60;2.7300;;
2021-01-22;D.5.3;D;D.5;E09.P2.D21;E09;0.60;2.7300;;
2021-01-22;D.5.3;D;D.5;E09.P2.D22;E09;0.60;2.7300;;
2021-01-22;D.5.3;D;D.5;E09.P2.D23;E09;0.60;2.7300;;
2021-01-22;D.5.3;D;D.5;E09.P2.D24;E09;0.60;2.7300;;
2021-01-22;D.5.3;D;D.5;E10.P1.D11;E10;0.60;2.7300;;
2021-01-22;D.5.3;D;D.5;E10.P1.D12;E10;0.60;2.7300;;
2021-01-22;D.5.3;D;D.5;E10.P1.D13;E10;0.60;2.7300;;
2021-01-22;D.5.3;D;D.5;E10.P1.D14;E10;0.60;2.7300;;
2021-01-22;D.5.3;D;D.5;E10.P2.D21;E10;0.60;2.7300;;
2021-01-22;D.5.3;D;D.5;E10.P2.D22;E10;0.60;2.7300;;
2021-01-22;D.5.3;D;D.5;E10.P2.D23;E10;0.60;2.7300;;
2021-01-22;D.5.3;D;D.5;E10.P2.D24;E10;0.60;2.7300;;
2021-01-22;D.5.3;D;D.5;E10.P3.D31;E10;0.60;2.7300;;
2021-01-22;D.5.3;D;D.5;E10.P3.D32;E10;0.60;2.7300;;
2021-01-22;D.5.3;D;D.5;E10.P3.D33;E10;0.60;2.7300;;
2021-01-22;D.5.3;D;D.5;E10.P3.D34;E10;0.60;2.7300;;
2021-01-22;D.5.3;D;D.5;E10.P4.D41;E10;0.60;2.7300;;
2021-01-22;D.5.3;D;D.5;E10.P4.D42;E10;0.60;2.7300;;
2021-01-22;D.5.3;D;D.5;E10.P4.D43;E10;0.60;2.7300;;
2021-01-22;D.5.3;D;D.5;E10.P4.D44;E10;0.60;2.7300;;
2021-01-22;D.5.3;D;D.5;E11.P1.D11;E11;0.60;2.7300;;
2021-01-22;D.5.3;D;D.5;E11.P1.D12;E11;0.60;2.7300;;
2021-01-22;D.5.3;D;D.5;E11.P1.D13;E11;0.60;2.7300;;
2021-01-22;D.5.3;D;D.5;E11.P1.D14;E11;0.60;2.7300;;
2021-01-22;D.5.3;D;D.5;E11.P2.D21;E11;0.60;2.7300;;
2021-01-22;D.5.3;D;D.5;E11.P2.D22;E11;0.60;2.7300;;
2021-01-22;D.5.3;D;D.5;E11.P2.D23;E11;0.60;2.7300;;
2021-01-22;D.5.3;D;D.5;E11.P2.D24;E11;0.60;2.7300;;
2021-01-22;D.5.3;D;D.5;E11.P3.D31;E11;0.60;2.7300;;
2021-01-22;D.5.3;D;D.5;E11.P3.D32;E11;0.60;2.7300;;
2021-01-22;D.5.3;D;D.5;E11.P3.D33;E11;0.60;2.7300;;
2021-01-22;D.5.3;D;D.5;E11.P3.D34;E11;0.60;2.7300;;
2021-01-22;D.5.3;D;D.5;E11.P4.D41;E11;0.60;2.7300;;
2021-01-22;D.5.3;D;D.5;E11.P4.D42;E11;0.60;2.7300;;
2021-01-22;D.5.3;D;D.5;E11.P4.D43;E11;0.60;2.7300;;
2021-01-22;D.5.3;D;D.5;E11.P4.D44;E11;0.60;2.7300;;
2021-01-22;D.5.3;D;D.5;E12.P1.D11;E12;0.60;2.7300;;
2021-01-22;D.5.3;D;D.5;E12.P1.D12;E12;0.60;2.7300;;
2021-01-22;D.5.3;D;D.5;E12.P1.D13;E12;0.60;2.7300;;
2021-01-22;D.5.3;D;D.5;E12.P1.D14;E12;0.60;2.7300;;
2021-01-22;D.5.3;D;D.5;E12.P2.D21;E12;0.60;2.7300;;
2021-01-22;D.5.3;D;D.5;E12.P2.D22;E12;0.60;2.7300;;
2021-01-22;D.5.3;D;D.5;E12.P2.D23;E12;0.60;2.7300;;
2021-01-22;D.5.3;D;D.5;E12.P2.D24;E12;0.60;2.7300;;
2021-01-22;D.5.3;D;D.5;E12.P3.D31;E12;0.60;2.7300;;
2021-01-22;D.5.3;D;D.5;E12.P3.D32;E12;0.60;2.7300;;
2021-01-22;D.5.3;D;D.5;E12.P3.D33;E12;0.60;2.7300;;
2021-01-22;D.5.3;D;D.5;E12.P3.D34;E12;0.60;2.7300;;
2021-01-22;D.5.3;D;D.5;E12.P4.D41;E12;0.60;2.7300;;
2021-01-22;D.5.3;D;D.5;E12.P4.D42;E12;0.60;2.7300;;
2021-01-22;D.5.3;D;D.5;E12.P4.D43;E12;0.60;2.7300;;
2021-01-22;D.5.3;D;D.5;E12.P4.D44;E12;0.60;2.7300;;
2021-01-22;D.5.3;D;D.5;E20.P1.D11;E20;0.60;2.7300;;
2021-01-22;D.5.3;D;D.5;E20.P1.D12;E20;0.60;2.7300;;
2021-01-22;D.5.3;D;D.5;E20.P1.D13;E20;0.60;2.7300;;
2021-01-22;D.5.3;D;D.5;E20.P1.D14;E20;0.60;2.7300;;
2021-01-22;D.5.3;D;D.5;E20.P2.D21;E20;0.60;2.7300;;
2021-01-22;D.5.3;D;D.5;E20.P2.D22;E20;0.60;2.7300;;
2021-01-22;D.5.3;D;D.5;E20.P2.D23;E20;0.60;2.7300;;
2021-01-22;D.5.3;D;D.5;E20.P2.D24;E20;0.60;2.7300;;
2021-01-22;D.5.3;D;D.5;E20.P3.D31;E20;0.60;2.7300;;
2021-01-22;D.5.3;D;D.5;E20.P3.D32;E20;0.60;2.7300;;
2021-01-22;D.5.3;D;D.5;E20.P3.D33;E20;0.60;2.7300;;
2021-01-22;D.5.3;D;D.5;E20.P3.D34;E20;0.60;2.7300;;
2021-01-22;D.5.3;D;D.5;E20.P4.D41;E20;0.60;2.7300;;
2021-01-22;D.5.3;D;D.5;E20.P4.D42;E20;0.60;2.7300;;
2021-01-22;D.5.3;D;D.5;E20.P4.D43;E20;0.60;2.7300;;
2021-01-22;D.5.3;D;D.5;E20.P4.D44;E20;0.60;2.7300;;
2021-01-22;D.5.4;D;D.5;E12.P1.D13;E12;1.00;6.7700;;
2021-01-22;F.1.1;F;F.1;E01;E01;0.50;166.4205;;
2021-01-22;F.1.1;F;F.1;E02;E02;0.75;249.6308;;
2021-01-22;F.1.1;F;F.1;E03;E03;0.75;249.6308;;
2021-01-22;F.1.1;F;F.1;E04;E04;1.00;332.8410;;
2021-01-22;F.1.1;F;F.1;E05;E05;1.00;332.8410;;
2021-01-22;F.1.1;F;F.1;E06;E06;1.00;332.8410;;
2021-01-22;F.1.1;F;F.1;E07;E07;1.00;332.8410;;
2021-01-22;F.1.1;F;F.1;E08;E08;1.00;332.8410;;
2021-01-22;F.1.1;F;F.1;E09;E09;1.00;332.8410;;
2021-01-22;F.1.1;F;F.1;E10;E10;1.00;332.8410;;
2021-01-22;F.1.1;F;F.1;E11;E11;1.00;332.8410;;
2021-01-22;F.1.1;F;F.1;E12;E12;1.00;332.8410;;
2021-01-22;F.1.1;F;F.1;E13;E13;0.50;166.4205;;
2021-01-22;F.1.1;F;F.1;E14;E14;0.50;166.4205;;
2021-01-22;F.1.1;F;F.1;E15;E15;0.00;0.0000;;
2021-01-22;F.1.1;F;F.1;E16;E16;0.50;166.4205;;
2021-01-22;F.1.1;F;F.1;E17;E17;0.50;166.4205;;
2021-01-22;F.1.1;F;F.1;E18;E18;1.00;332.8410;;
2021-01-22;F.1.1;F;F.1;E19;E19;0.90;299.5569;;
2021-01-22;F.1.1;F;F.1;E20;E20;1.00;332.8410;;
2021-01-22;F.1.4;F;F.1;L;L;0.80;9987.4896;;
2021-01-22;F.4.1.2;F;F.4;E01;E01;1.00;108.5100;;
2021-01-22;F.4.1.2;F;F.4;E02;E02;1.00;108.5100;;
2021-01-22;F.4.1.2;F;F.4;E03;E03;1.00;108.5100;;
2021-01-22;F.4.1.2;F;F.4;E04;E04;1.00;108.5100;;
2021-01-22;F.4.1.2;F;F.4;E05;E05;1.00;108.5100;;
2021-01-22;F.4.1.2;F;F.4;E06;E06;1.00;108.5100;;
2021-01-22;F.4.1.2;F;F.4;E07;E07;1.00;108.5100;;
2021-01-22;F.4.1.2;F;F.4;E08;E08;1.00;108.5100;;
2021-01-22;F.4.1.2;F;F.4;E09;E09;1.00;108.5100;;
2021-01-22;F.4.1.2;F;F.4;E10;E10;1.00;108.5100;;
2021-01-22;F.4.1.2;F;F.4;E11;E11;1.00;108.5100;;
2021-01-22;F.4.1.2;F;F.4;E12;E12;1.00;108.5100;;
2021-01-22;F.4.1.2;F;F.4;E13;E13;1.00;108.5100;;
2021-01-22;F.4.1.2;F;F.4;E14;E14;1.00;108.5100;;
2021-01-22;F.4.1.2;F;F.4;E15;E15;1.00;108.5100;;
2021-01-22;F.4.1.2;F;F.4;E16;E16;1.00;108.5100;;
2021-01-22;F.4.1.2;F;F.4;E17;E17;1.00;108.5100;;
2021-01-22;F.4.1.2;F;F.4;E18;E18;1.00;108.5100;;
2021-01-22;F.4.1.2;F;F.4;E19;E19;1.00;108.5100;;
2021-01-22;F.4.1.2;F;F.4;E20;E20;1.00;108.5100;;
2021-01-22;F.4.1.3;F;F.4;E01.F0.C1;E01;1.00;64.0457;;
2021-01-22;F.4.1.3;F;F.4;E01.F0.C2;E01;1.00;64.0457;;
2021-01-22;F.4.1.3;F;F.4;E01.F0.C3;E01;1.00;64.0457;;
2021-01-22;F.4.1.3;F;F.4;E01.F0.C4;E01;1.00;64.0457;;
2021-01-22;F.4.1.3;F;F.4;E01.F0.C5;E01;1.00;64.0457;;
2021-01-22;F.4.1.3;F;F.4;E01.F0.C6;E01;1.00;64.0457;;
2021-01-22;F.4.1.3;F;F.4;E02.F1.C1;E02;1.00;128.0913;;
2021-01-22;F.4.1.3;F;F.4;E02.F1.C2;E02;1.00;128.0913;;
2021-01-22;F.4.1.3;F;F.4;E02.F1.C3;E02;1.00;128.0913;;
2021-01-22;F.4.1.3;F;F.4;E02.F1.C4;E02;1.00;128.0913;;
2021-01-22;F.4.1.3;F;F.4;E02.F1.C5;E02;1.00;128.0913;;
2021-01-22;F.4.1.3;F;F.4;E02.F1.C6;E02;1.00;128.0913;;
2021-01-22;F.4.1.3;F;F.4;E03.F1.C1;E03;1.00;128.0913;;
2021-01-22;F.4.1.3;F;F.4;E03.F1.C2;E03;1.00;128.0913;;
2021-01-22;F.4.1.3;F;F.4;E03.F1.C3;E03;1.00;128.0913;;
2021-01-22;F.4.1.3;F;F.4;E03.F1.C4;E03;1.00;128.0913;;
2021-01-22;F.4.1.3;F;F.4;E03.F1.C5;E03;1.00;128.0913;;
2021-01-22;F.4.1.3;F;F.4;E03.F1.C6;E03;1.00;128.0913;;
2021-01-22;F.4.1.3;F;F.4;E04.F1.C1;E04;1.00;128.0913;;
2021-01-22;F.4.1.3;F;F.4;E04.F1.C2;E04;1.00;128.0913;;
2021-01-22;F.4.1.3;F;F.4;E04.F1.C3;E04;1.00;128.0913;;
2021-01-22;F.4.1.3;F;F.4;E04.F1.C4;E04;1.00;128.0913;;
2021-01-22;F.4.1.3;F;F.4;E04.F1.C5;E04;1.00;128.0913;;
2021-01-22;F.4.1.3;F;F.4;E04.F1.C6;E04;1.00;128.0913;;
2021-01-22;F.4.1.3;F;F.4;E05.F1.C1;E05;1.00;128.0913;;
2021-01-22;F.4.1.3;F;F.4;E05.F1.C2;E05;1.00;128.0913;;
2021-01-22;F.4.1.3;F;F.4;E05.F1.C3;E05;1.00;128.0913;;
2021-01-22;F.4.1.3;F;F.4;E05.F1.C4;E05;1.00;128.0913;;
2021-01-22;F.4.1.3;F;F.4;E05.F1.C5;E05;1.00;128.0913;;
2021-01-22;F.4.1.3;F;F.4;E05.F1.C6;E05;1.00;128.0913;;
2021-01-22;F.4.1.3;F;F.4;E06.F1.C1;E06;1.00;128.0913;;
2021-01-22;F.4.1.3;F;F.4;E06.F1.C2;E06;1.00;128.0913;;
2021-01-22;F.4.1.3;F;F.4;E06.F1.C3;E06;1.00;128.0913;;
2021-01-22;F.4.1.3;F;F.4;E06.F1.C4;E06;1.00;128.0913;;
2021-01-22;F.4.1.3;F;F.4;E06.F1.C5;E06;1.00;128.0913;;
2021-01-22;F.4.1.3;F;F.4;E06.F1.C6;E06;1.00;128.0913;;
2021-01-22;F.4.1.3;F;F.4;E07.F1.C1;E07;1.00;128.0913;;
2021-01-22;F.4.1.3;F;F.4;E07.F1.C2;E07;1.00;128.0913;;
2021-01-22;F.4.1.3;F;F.4;E07.F1.C3;E07;1.00;128.0913;;
2021-01-22;F.4.1.3;F;F.4;E07.F1.C4;E07;1.00;128.0913;;
2021-01-22;F.4.1.3;F;F.4;E07.F1.C5;E07;1.00;128.0913;;
2021-01-22;F.4.1.3;F;F.4;E07.F1.C6;E07;1.00;128.0913;;
2021-01-22;F.4.1.3;F;F.4;E08.F1.C1;E08;1.00;128.0913;;
2021-01-22;F.4.1.3;F;F.4;E08.F1.C2;E08;1.00;128.0913;;
2021-01-22;F.4.1.3;F;F.4;E08.F1.C3;E08;1.00;128.0913;;
2021-01-22;F.4.1.3;F;F.4;E08.F1.C4;E08;1.00;128.0913;;
2021-01-22;F.4.1.3;F;F.4;E08.F1.C5;E08;1.00;128.0913;;
2021-01-22;F.4.1.3;F;F.4;E08.F1.C6;E08;1.00;128.0913;;
2021-01-22;F.4.1.3;F;F.4;E09.F1.C1;E09;1.00;128.0913;;
2021-01-22;F.4.1.3;F;F.4;E09.F1.C2;E09;1.00;128.0913;;
2021-01-22;F.4.1.3;F;F.4;E09.F1.C3;E09;1.00;128.0913;;
2021-01-22;F.4.1.3;F;F.4;E09.F1.C4;E09;1.00;128.0913;;
2021-01-22;F.4.1.3;F;F.4;E09.F1.C5;E09;1.00;128.0913;;
2021-01-22;F.4.1.3;F;F.4;E09.F1.C6;E09;1.00;128.0913;;
2021-01-22;F.4.1.3;F;F.4;E10.F1.C1;E10;1.00;128.0913;;
2021-01-22;F.4.1.3;F;F.4;E10.F1.C2;E10;1.00;128.0913;;
2021-01-22;F.4.1.3;F;F.4;E10.F1.C3;E10;1.00;128.0913;;
2021-01-22;F.4.1.3;F;F.4;E10.F1.C4;E10;1.00;128.0913;;
2021-01-22;F.4.1.3;F;F.4;E10.F1.C5;E10;1.00;128.0913;;
2021-01-22;F.4.1.3;F;F.4;E10.F1.C6;E10;1.00;128.0913;;
2021-01-22;F.4.1.3;F;F.4;E11.F1.C1;E11;1.00;128.0913;;
2021-01-22;F.4.1.3;F;F.4;E11.F1.C2;E11;1.00;128.0913;;
2021-01-22;F.4.1.3;F;F.4;E11.F1.C3;E11;1.00;128.0913;;
2021-01-22;F.4.1.3;F;F.4;E11.F1.C4;E11;1.00;128.0913;;
2021-01-22;F.4.1.3;F;F.4;E11.F1.C5;E11;1.00;128.0913;;
2021-01-22;F.4.1.3;F;F.4;E11.F1.C6;E11;1.00;128.0913;;
2021-01-22;F.4.1.3;F;F.4;E12.F1.C1;E12;1.00;128.0913;;
2021-01-22;F.4.1.3;F;F.4;E12.F1.C2;E12;1.00;128.0913;;
2021-01-22;F.4.1.3;F;F.4;E12.F1.C3;E12;1.00;128.0913;;
2021-01-22;F.4.1.3;F;F.4;E12.F1.C4;E12;1.00;128.0913;;
2021-01-22;F.4.1.3;F;F.4;E12.F1.C5;E12;1.00;128.0913;;
2021-01-22;F.4.1.3;F;F.4;E12.F1.C6;E12;1.00;128.0913;;
2021-01-22;F.4.1.3;F;F.4;E13.F1.C1;E13;1.00;128.0913;;
2021-01-22;F.4.1.3;F;F.4;E13.F1.C2;E13;1.00;128.0913;;
2021-01-22;F.4.1.3;F;F.4;E13.F1.C3;E13;1.00;128.0913;;
2021-01-22;F.4.1.3;F;F.4;E13.F1.C4;E13;1.00;128.0913;;
2021-01-22;F.4.1.3;F;F.4;E13.F1.C5;E13;1.00;128.0913;;
2021-01-22;F.4.1.3;F;F.4;E13.F1.C6;E13;1.00;128.0913;;
2021-01-22;F.4.1.3;F;F.4;E14.F0.C1;E14;1.00;64.0457;;
2021-01-22;F.4.1.3;F;F.4;E14.F0.C2;E14;1.00;64.0457;;
2021-01-22;F.4.1.3;F;F.4;E14.F0.C3;E14;1.00;64.0457;;
2021-01-22;F.4.1.3;F;F.4;E14.F0.C4;E14;1.00;64.0457;;
2021-01-22;F.4.1.3;F;F.4;E14.F0.C5;E14;1.00;64.0457;;
2021-01-22;F.4.1.3;F;F.4;E14.F0.C6;E14;1.00;64.0457;;
2021-01-22;F.4.1.3;F;F.4;E16.F0.C1;E16;1.00;64.0457;;
2021-01-22;F.4.1.3;F;F.4;E16.F0.C2;E16;1.00;64.0457;;
2021-01-22;F.4.1.3;F;F.4;E16.F0.C3;E16;1.00;64.0457;;
2021-01-22;F.4.1.3;F;F.4;E16.F0.C4;E16;1.00;64.0457;;
2021-01-22;F.4.1.3;F;F.4;E16.F0.C5;E16;1.00;64.0457;;
2021-01-22;F.4.1.3;F;F.4;E16.F0.C6;E16;1.00;64.0457;;
2021-01-22;F.4.1.3;F;F.4;E17.F0.C1;E17;1.00;64.0457;;
2021-01-22;F.4.1.3;F;F.4;E17.F0.C2;E17;1.00;64.0457;;
2021-01-22;F.4.1.3;F;F.4;E17.F0.C3;E17;1.00;64.0457;;
2021-01-22;F.4.1.3;F;F.4;E17.F0.C4;E17;1.00;64.0457;;
2021-01-22;F.4.1.3;F;F.4;E17.F0.C5;E17;1.00;64.0457;;
2021-01-22;F.4.1.3;F;F.4;E17.F0.C6;E17;1.00;64.0457;;
2021-01-22;F.4.1.3;F;F.4;E18.F1.C1;E18;1.00;128.0913;;
2021-01-22;F.4.1.3;F;F.4;E18.F1.C2;E18;1.00;128.0913;;
2021-01-22;F.4.1.3;F;F.4;E18.F1.C3;E18;1.00;128.0913;;
2021-01-22;F.4.1.3;F;F.4;E18.F1.C4;E18;1.00;128.0913;;
2021-01-22;F.4.1.3;F;F.4;E18.F1.C5;E18;1.00;128.0913;;
2021-01-22;F.4.1.3;F;F.4;E18.F1.C6;E18;1.00;128.0913;;
2021-01-22;F.4.1.3;F;F.4;E19.F1.C1;E19;1.00;128.0913;;
2021-01-22;F.4.1.3;F;F.4;E19.F1.C2;E19;1.00;128.0913;;
2021-01-22;F.4.1.3;F;F.4;E19.F1.C3;E19;1.00;128.0913;;
2021-01-22;F.4.1.3;F;F.4;E19.F1.C4;E19;1.00;128.0913;;
2021-01-22;F.4.1.3;F;F.4;E19.F1.C5;E19;1.00;128.0913;;
2021-01-22;F.4.1.3;F;F.4;E19.F1.C6;E19;1.00;128.0913;;
2021-01-22;F.4.1.3;F;F.4;E20.F1.C1;E20;1.00;128.0913;;
2021-01-22;F.4.1.3;F;F.4;E20.F1.C2;E20;1.00;128.0913;;
2021-01-22;F.4.1.3;F;F.4;E20.F1.C3;E20;1.00;128.0913;;
2021-01-22;F.4.1.3;F;F.4;E20.F1.C4;E20;1.00;128.0913;;
2021-01-22;F.4.1.3;F;F.4;E20.F1.C5;E20;1.00;128.0913;;
2021-01-22;F.4.1.3;F;F.4;E20.F1.C6;E20;1.00;128.0913;;
2021-01-22;B.3.1.1;B;B.3;E04.P1.C1;E04;0.50;76.0462;;
2021-01-22;B.3.1.1;B;B.3;E05.P1.C1;E05;0.50;76.0462;;
2021-01-22;B.3.1.1;B;B.3;E06.P1.C1;E06;0.50;76.0462;;
2021-01-22;B.3.1.1;B;B.3;E09.P1.C1;E09;0.50;76.0462;;
2021-01-22;B.3.1.1;B;B.3;E10.P1.C1;E10;0.50;76.0462;;
2021-01-22;B.3.1.1;B;B.3;E11.P1.C1;E11;0.50;76.0462;;
2021-01-22;B.3.1.1;B;B.3;E12.P1.C1;E12;0.50;76.0462;;
2021-01-22;B.3.1.1;B;B.3;E14.P0.C1;E14;0.50;38.0231;;
2021-01-22;B.3.1.1;B;B.3;E16.P0.C1;E16;0.50;38.0231;;
2021-01-22;B.3.1.1;B;B.3;E17.P0.C1;E17;0.50;38.0231;;
2021-01-22;B.3.1.1;B;B.3;E20.P1.C1;E20;0.50;76.0462;;
2021-01-22;B.3.1.2;B;B.3;E04.P1.C1;E04;0.50;97.41535;;
2021-01-22;B.3.1.2;B;B.3;E05.P1.C1;E05;0.50;97.41535;;
2021-01-22;B.3.1.2;B;B.3;E06.P1.C1;E06;0.50;97.41535;;
2021-01-22;B.3.1.2;B;B.3;E07.P1.C1;E07;0.50;97.41535;;
2021-01-22;B.3.1.2;B;B.3;E08.P1.C1;E08;0.25;48.70765;;
2021-01-22;B.3.1.2;B;B.3;E09.P1.C1;E09;0.50;97.41535;;
2021-01-22;B.3.1.2;B;B.3;E10.P1.C1;E10;0.50;97.41535;;
2021-01-22;B.3.1.2;B;B.3;E11.P1.C1;E11;0.50;97.41535;;
2021-01-22;B.3.1.2;B;B.3;E12.P1.C1;E12;0.50;97.41535;;
2021-01-22;B.3.1.2;B;B.3;E14.P0.C1;E14;0.50;48.70765;;
2021-01-22;B.3.1.2;B;B.3;E16.P0.C1;E16;0.50;48.70765;;
2021-01-22;B.3.1.2;B;B.3;E17.P0.C1;E17;0.50;48.70765;;
2021-01-22;B.3.1.2;B;B.3;E18.P1.C1;E18;0.50;97.41535;;
2021-01-22;B.3.1.2;B;B.3;E20.P1.C1;E20;0.50;97.41535;;
2021-01-22;B.3.1.3;B;B.3;E04.P1.C1;E04;0.50;59.53935;;
2021-01-22;B.3.1.3;B;B.3;E05.P1.C1;E05;0.50;59.53935;;
2021-01-22;B.3.1.3;B;B.3;E06.P1.C1;E06;0.50;59.53935;;
2021-01-22;B.3.1.3;B;B.3;E09.P1.C1;E09;0.50;59.53935;;
2021-01-22;B.3.1.3;B;B.3;E10.P1.C1;E10;0.50;59.53935;;
2021-01-22;B.3.1.3;B;B.3;E11.P1.C1;E11;0.50;59.53935;;
2021-01-22;B.3.1.3;B;B.3;E12.P1.C1;E12;0.50;59.53935;;
2021-01-22;B.3.1.3;B;B.3;E14.P0.C1;E14;0.50;29.76965;;
2021-01-22;B.3.1.3;B;B.3;E16.P0.C1;E16;0.50;29.76965;;
2021-01-22;B.3.1.3;B;B.3;E17.P0.C1;E17;0.50;29.76965;;
2021-01-22;B.3.1.3;B;B.3;E20.P1.C1;E20;0.50;59.53935;;
2021-01-22;B.4.1.1;B;B.4;E04.P1.C1;E04;0.50;63.8022;;
2021-01-22;B.4.1.1;B;B.4;E04.P2.C1;E04;0.50;63.8022;;
2021-01-22;B.4.1.1;B;B.4;E05.P1.C1;E05;0.50;63.8022;;
2021-01-22;B.4.1.1;B;B.4;E06.P1.C1;E06;0.50;63.8022;;
2021-01-22;B.4.1.1;B;B.4;E09.P1.C1;E09;0.50;63.8022;;
2021-01-22;B.4.1.1;B;B.4;E09.P2.C1;E09;0.50;63.8022;;
2021-01-22;B.4.1.1;B;B.4;E10.P1.C1;E10;0.50;63.8022;;
2021-01-22;B.4.1.1;B;B.4;E10.P2.C1;E10;0.50;63.8022;;
2021-01-22;B.4.1.1;B;B.4;E10.P3.C1;E10;0.50;63.8022;;
2021-01-22;B.4.1.1;B;B.4;E10.P4.C1;E10;0.50;63.8022;;
2021-01-22;B.4.1.1;B;B.4;E11.P1.C1;E11;0.50;63.8022;;
2021-01-22;B.4.1.1;B;B.4;E11.P2.C1;E11;0.50;63.8022;;
2021-01-22;B.4.1.1;B;B.4;E11.P3.C1;E11;0.50;63.8022;;
2021-01-22;B.4.1.1;B;B.4;E11.P4.C1;E11;0.50;63.8022;;
2021-01-22;B.4.1.1;B;B.4;E12.P1.C1;E12;0.50;63.8022;;
2021-01-22;B.4.1.1;B;B.4;E12.P2.C1;E12;0.50;63.8022;;
2021-01-22;B.4.1.1;B;B.4;E12.P3.C1;E12;0.50;63.8022;;
2021-01-22;B.4.1.1;B;B.4;E12.P4.C1;E12;0.50;63.8022;;
2021-01-22;B.4.1.1;B;B.4;E20.P1.C1;E20;0.50;63.8022;;
2021-01-22;B.4.1.1;B;B.4;E20.P2.C1;E20;0.50;63.8022;;
2021-01-22;B.4.1.1;B;B.4;E20.P3.C1;E20;0.50;63.8022;;
2021-01-22;B.4.1.1;B;B.4;E20.P4.C1;E20;0.50;63.8022;;
2021-01-22;B.4.1.2;B;B.4;E04.P1.C1;E04;0.50;76.55665;;
2021-01-22;B.4.1.2;B;B.4;E04.P2.C1;E04;0.50;76.55665;;
2021-01-22;B.4.1.2;B;B.4;E05.P1.C1;E05;0.50;76.55665;;
2021-01-22;B.4.1.2;B;B.4;E06.P1.C1;E06;0.50;76.55665;;
2021-01-22;B.4.1.2;B;B.4;E09.P1.C1;E09;0.50;76.55665;;
2021-01-22;B.4.1.2;B;B.4;E09.P2.C1;E09;0.50;76.55665;;
2021-01-22;B.4.1.2;B;B.4;E10.P1.C1;E10;0.50;76.55665;;
2021-01-22;B.4.1.2;B;B.4;E10.P2.C1;E10;0.50;76.55665;;
2021-01-22;B.4.1.2;B;B.4;E10.P3.C1;E10;0.50;76.55665;;
2021-01-22;B.4.1.2;B;B.4;E10.P4.C1;E10;0.50;76.55665;;
2021-01-22;B.4.1.2;B;B.4;E11.P1.C1;E11;0.50;76.55665;;
2021-01-22;B.4.1.2;B;B.4;E11.P2.C1;E11;0.50;76.55665;;
2021-01-22;B.4.1.2;B;B.4;E11.P3.C1;E11;0.50;76.55665;;
2021-01-22;B.4.1.2;B;B.4;E11.P4.C1;E11;0.50;76.55665;;
2021-01-22;B.4.1.2;B;B.4;E12.P1.C1;E12;0.50;76.55665;;
2021-01-22;B.4.1.2;B;B.4;E12.P2.C1;E12;0.50;76.55665;;
2021-01-22;B.4.1.2;B;B.4;E12.P3.C1;E12;0.50;76.55665;;
2021-01-22;B.4.1.2;B;B.4;E12.P4.C1;E12;0.50;76.55665;;
2021-01-22;B.4.1.2;B;B.4;E20.P1.C1;E20;0.50;76.55665;;
2021-01-22;B.4.1.2;B;B.4;E20.P2.C1;E20;0.50;76.55665;;
2021-01-22;B.4.1.2;B;B.4;E20.P3.C1;E20;0.50;76.55665;;
2021-01-22;B.4.1.2;B;B.4;E20.P4.C1;E20;0.50;76.55665;;
2021-01-22;B.4.1.3;B;B.4;E04.P1.C1;E04;0.50;56.6684;;
2021-01-22;B.4.1.3;B;B.4;E04.P2.C1;E04;0.50;56.6684;;
2021-01-22;B.4.1.3;B;B.4;E05.P1.C1;E05;0.50;56.6684;;
2021-01-22;B.4.1.3;B;B.4;E06.P1.C1;E06;0.50;56.6684;;
2021-01-22;B.4.1.3;B;B.4;E09.P1.C1;E09;0.50;56.6684;;
2021-01-22;B.4.1.3;B;B.4;E09.P2.C1;E09;0.50;56.6684;;
2021-01-22;B.4.1.3;B;B.4;E10.P1.C1;E10;0.50;56.6684;;
2021-01-22;B.4.1.3;B;B.4;E10.P2.C1;E10;0.50;56.6684;;
2021-01-22;B.4.1.3;B;B.4;E10.P3.C1;E10;0.50;56.6684;;
2021-01-22;B.4.1.3;B;B.4;E10.P4.C1;E10;0.50;56.6684;;
2021-01-22;B.4.1.3;B;B.4;E11.P1.C1;E11;0.50;56.6684;;
2021-01-22;B.4.1.3;B;B.4;E11.P2.C1;E11;0.50;56.6684;;
2021-01-22;B.4.1.3;B;B.4;E11.P3.C1;E11;0.50;56.6684;;
2021-01-22;B.4.1.3;B;B.4;E11.P4.C1;E11;0.50;56.6684;;
2021-01-22;B.4.1.3;B;B.4;E12.P1.C1;E12;0.50;56.6684;;
2021-01-22;B.4.1.3;B;B.4;E12.P2.C1;E12;0.50;56.6684;;
2021-01-22;B.4.1.3;B;B.4;E12.P3.C1;E12;0.50;56.6684;;
2021-01-22;B.4.1.3;B;B.4;E12.P4.C1;E12;0.50;56.6684;;
2021-01-22;B.4.1.3;B;B.4;E20.P1.C1;E20;0.50;56.6684;;
2021-01-22;B.4.1.3;B;B.4;E20.P2.C1;E20;0.50;56.6684;;
2021-01-22;B.4.1.3;B;B.4;E20.P3.C1;E20;0.50;56.6684;;
2021-01-22;B.4.1.3;B;B.4;E20.P4.C1;E20;0.50;56.6684;;
2021-01-22;B.5.1.1;B;B.5;E04.P2.C1;E04;0.50;80.5935;;
2021-01-22;B.5.1.1;B;B.5;E05.P2.C1;E05;0.50;80.5935;;
2021-01-22;B.5.1.1;B;B.5;E06.P2.C1;E06;0.25;40.29675;;
2021-01-22;B.5.1.1;B;B.5;E09.P2.C1;E09;0.50;80.5935;;
2021-01-22;B.5.1.1;B;B.5;E10.P2.C1;E10;0.50;80.5935;;
2021-01-22;B.5.1.1;B;B.5;E10.P3.C1;E10;0.50;80.5935;;
2021-01-22;B.5.1.1;B;B.5;E10.P4.C1;E10;0.50;80.5935;;
2021-01-22;B.5.1.1;B;B.5;E11.P2.C1;E11;0.50;80.5935;;
2021-01-22;B.5.1.1;B;B.5;E11.P3.C1;E11;0.50;80.5935;;
2021-01-22;B.5.1.1;B;B.5;E11.P4.C1;E11;0.50;80.5935;;
2021-01-22;B.5.1.1;B;B.5;E12.P2.C1;E12;0.50;80.5935;;
2021-01-22;B.5.1.1;B;B.5;E12.P3.C1;E12;0.50;80.5935;;
2021-01-22;B.5.1.1;B;B.5;E12.P4.C1;E12;0.50;80.5935;;
2021-01-22;B.5.1.1;B;B.5;E20.P2.C1;E20;0.50;80.5935;;
2021-01-22;B.5.1.1;B;B.5;E20.P3.C1;E20;0.50;80.5935;;
2021-01-22;B.5.1.1;B;B.5;E20.P4.C1;E20;0.50;80.5935;;
2021-01-22;B.5.1.2;B;B.5;E04.P2.C1;E04;0.50;102.7976;;
2021-01-22;B.5.1.2;B;B.5;E05.P2.C1;E05;0.50;102.7976;;
2021-01-22;B.5.1.2;B;B.5;E06.P2.C1;E06;0.25;51.3988;;
2021-01-22;B.5.1.2;B;B.5;E09.P2.C1;E09;0.50;102.7976;;
2021-01-22;B.5.1.2;B;B.5;E10.P2.C1;E10;0.50;102.7976;;
2021-01-22;B.5.1.2;B;B.5;E10.P3.C1;E10;0.50;102.7976;;
2021-01-22;B.5.1.2;B;B.5;E10.P4.C1;E10;0.50;102.7976;;
2021-01-22;B.5.1.2;B;B.5;E11.P2.C1;E11;0.50;102.7976;;
2021-01-22;B.5.1.2;B;B.5;E11.P3.C1;E11;0.50;102.7976;;
2021-01-22;B.5.1.2;B;B.5;E11.P4.C1;E11;0.50;102.7976;;
2021-01-22;B.5.1.2;B;B.5;E12.P2.C1;E12;0.50;102.7976;;
2021-01-22;B.5.1.2;B;B.5;E12.P3.C1;E12;0.50;102.7976;;
2021-01-22;B.5.1.2;B;B.5;E12.P4.C1;E12;0.50;102.7976;;
2021-01-22;B.5.1.2;B;B.5;E20.P2.C1;E20;0.50;102.7976;;
2021-01-22;B.5.1.2;B;B.5;E20.P3.C1;E20;0.50;102.7976;;
2021-01-22;B.5.1.2;B;B.5;E20.P4.C1;E20;0.50;102.7976;;
2021-01-22;B.5.1.3;B;B.5;E04.P2.C1;E04;0.50;76.284;;
2021-01-22;B.5.1.3;B;B.5;E05.P2.C1;E05;0.50;76.284;;
2021-01-22;B.5.1.3;B;B.5;E06.P2.C1;E06;0.25;38.142;;
2021-01-22;B.5.1.3;B;B.5;E09.P2.C1;E09;0.50;76.284;;
2021-01-22;B.5.1.3;B;B.5;E10.P2.C1;E10;0.50;76.284;;
2021-01-22;B.5.1.3;B;B.5;E10.P3.C1;E10;0.50;76.284;;
2021-01-22;B.5.1.3;B;B.5;E10.P4.C1;E10;0.50;76.284;;
2021-01-22;B.5.1.3;B;B.5;E11.P2.C1;E11;0.50;76.284;;
2021-01-22;B.5.1.3;B;B.5;E11.P3.C1;E11;0.50;76.284;;
2021-01-22;B.5.1.3;B;B.5;E11.P4.C1;E11;0.50;76.284;;
2021-01-22;B.5.1.3;B;B.5;E12.P2.C1;E12;0.50;76.284;;
2021-01-22;B.5.1.3;B;B.5;E12.P3.C1;E12;0.50;76.284;;
2021-01-22;B.5.1.3;B;B.5;E12.P4.C1;E12;0.50;76.284;;
2021-01-22;B.5.1.3;B;B.5;E20.P2.C1;E20;0.50;76.284;;
2021-01-22;B.5.1.3;B;B.5;E20.P3.C1;E20;0.50;76.284;;
2021-01-22;B.5.1.3;B;B.5;E20.P4.C1;E20;0.50;76.284;;
2021-01-22;B.3.1.1;B;B.3;E04.P1.C2;E04;0.50;76.0462;;
2021-01-22;B.3.1.1;B;B.3;E05.P1.C2;E05;0.50;76.0462;;
2021-01-22;B.3.1.1;B;B.3;E06.P1.C2;E06;0.50;76.0462;;
2021-01-22;B.3.1.1;B;B.3;E09.P1.C2;E09;0.50;76.0462;;
2021-01-22;B.3.1.1;B;B.3;E10.P1.C2;E10;0.50;76.0462;;
2021-01-22;B.3.1.1;B;B.3;E11.P1.C2;E11;0.50;76.0462;;
2021-01-22;B.3.1.1;B;B.3;E12.P1.C2;E12;0.50;76.0462;;
2021-01-22;B.3.1.1;B;B.3;E14.P0.C2;E14;0.50;38.0231;;
2021-01-22;B.3.1.1;B;B.3;E16.P0.C2;E16;0.50;38.0231;;
2021-01-22;B.3.1.1;B;B.3;E17.P0.C2;E17;0.50;38.0231;;
2021-01-22;B.3.1.1;B;B.3;E20.P1.C2;E20;0.50;76.0462;;
2021-01-22;B.3.1.2;B;B.3;E04.P1.C2;E04;0.50;97.41535;;
2021-01-22;B.3.1.2;B;B.3;E05.P1.C2;E05;0.50;97.41535;;
2021-01-22;B.3.1.2;B;B.3;E06.P1.C2;E06;0.50;97.41535;;
2021-01-22;B.3.1.2;B;B.3;E07.P1.C2;E07;0.50;97.41535;;
2021-01-22;B.3.1.2;B;B.3;E08.P1.C2;E08;0.25;48.70765;;
2021-01-22;B.3.1.2;B;B.3;E09.P1.C2;E09;0.50;97.41535;;
2021-01-22;B.3.1.2;B;B.3;E10.P1.C2;E10;0.50;97.41535;;
2021-01-22;B.3.1.2;B;B.3;E11.P1.C2;E11;0.50;97.41535;;
2021-01-22;B.3.1.2;B;B.3;E12.P1.C2;E12;0.50;97.41535;;
2021-01-22;B.3.1.2;B;B.3;E14.P0.C2;E14;0.50;48.70765;;
2021-01-22;B.3.1.2;B;B.3;E16.P0.C2;E16;0.50;48.70765;;
2021-01-22;B.3.1.2;B;B.3;E17.P0.C2;E17;0.50;48.70765;;
2021-01-22;B.3.1.2;B;B.3;E18.P1.C2;E18;0.50;97.41535;;
2021-01-22;B.3.1.2;B;B.3;E20.P1.C2;E20;0.50;97.41535;;
2021-01-22;B.3.1.3;B;B.3;E04.P1.C2;E04;0.50;59.53935;;
2021-01-22;B.3.1.3;B;B.3;E05.P1.C2;E05;0.50;59.53935;;
2021-01-22;B.3.1.3;B;B.3;E06.P1.C2;E06;0.50;59.53935;;
2021-01-22;B.3.1.3;B;B.3;E09.P1.C2;E09;0.50;59.53935;;
2021-01-22;B.3.1.3;B;B.3;E10.P1.C2;E10;0.50;59.53935;;
2021-01-22;B.3.1.3;B;B.3;E11.P1.C2;E11;0.50;59.53935;;
2021-01-22;B.3.1.3;B;B.3;E12.P1.C2;E12;0.50;59.53935;;
2021-01-22;B.3.1.3;B;B.3;E14.P0.C2;E14;0.50;29.76965;;
2021-01-22;B.3.1.3;B;B.3;E16.P0.C2;E16;0.50;29.76965;;
2021-01-22;B.3.1.3;B;B.3;E17.P0.C2;E17;0.50;29.76965;;
2021-01-22;B.3.1.3;B;B.3;E20.P1.C2;E20;0.50;59.53935;;
2021-01-22;B.4.1.1;B;B.4;E04.P1.C2;E04;0.50;63.8022;;
2021-01-22;B.4.1.1;B;B.4;E04.P2.C2;E04;0.50;63.8022;;
2021-01-22;B.4.1.1;B;B.4;E05.P1.C2;E05;0.50;63.8022;;
2021-01-22;B.4.1.1;B;B.4;E06.P1.C2;E06;0.50;63.8022;;
2021-01-22;B.4.1.1;B;B.4;E09.P1.C2;E09;0.50;63.8022;;
2021-01-22;B.4.1.1;B;B.4;E09.P2.C2;E09;0.50;63.8022;;
2021-01-22;B.4.1.1;B;B.4;E10.P1.C2;E10;0.50;63.8022;;
2021-01-22;B.4.1.1;B;B.4;E10.P2.C2;E10;0.50;63.8022;;
2021-01-22;B.4.1.1;B;B.4;E10.P3.C2;E10;0.50;63.8022;;
2021-01-22;B.4.1.1;B;B.4;E10.P4.C2;E10;0.50;63.8022;;
2021-01-22;B.4.1.1;B;B.4;E11.P1.C2;E11;0.50;63.8022;;
2021-01-22;B.4.1.1;B;B.4;E11.P2.C2;E11;0.50;63.8022;;
2021-01-22;B.4.1.1;B;B.4;E11.P3.C2;E11;0.50;63.8022;;
2021-01-22;B.4.1.1;B;B.4;E11.P4.C2;E11;0.50;63.8022;;
2021-01-22;B.4.1.1;B;B.4;E12.P1.C2;E12;0.50;63.8022;;
2021-01-22;B.4.1.1;B;B.4;E12.P2.C2;E12;0.50;63.8022;;
2021-01-22;B.4.1.1;B;B.4;E12.P3.C2;E12;0.50;63.8022;;
2021-01-22;B.4.1.1;B;B.4;E12.P4.C2;E12;0.50;63.8022;;
2021-01-22;B.4.1.1;B;B.4;E20.P1.C2;E20;0.50;63.8022;;
2021-01-22;B.4.1.1;B;B.4;E20.P2.C2;E20;0.50;63.8022;;
2021-01-22;B.4.1.1;B;B.4;E20.P3.C2;E20;0.50;63.8022;;
2021-01-22;B.4.1.1;B;B.4;E20.P4.C2;E20;0.50;63.8022;;
2021-01-22;B.4.1.2;B;B.4;E04.P1.C2;E04;0.50;76.55665;;
2021-01-22;B.4.1.2;B;B.4;E04.P2.C2;E04;0.50;76.55665;;
2021-01-22;B.4.1.2;B;B.4;E05.P1.C2;E05;0.50;76.55665;;
2021-01-22;B.4.1.2;B;B.4;E06.P1.C2;E06;0.50;76.55665;;
2021-01-22;B.4.1.2;B;B.4;E09.P1.C2;E09;0.50;76.55665;;
2021-01-22;B.4.1.2;B;B.4;E09.P2.C2;E09;0.50;76.55665;;
2021-01-22;B.4.1.2;B;B.4;E10.P1.C2;E10;0.50;76.55665;;
2021-01-22;B.4.1.2;B;B.4;E10.P2.C2;E10;0.50;76.55665;;
2021-01-22;B.4.1.2;B;B.4;E10.P3.C2;E10;0.50;76.55665;;
2021-01-22;B.4.1.2;B;B.4;E10.P4.C2;E10;0.50;76.55665;;
2021-01-22;B.4.1.2;B;B.4;E11.P1.C2;E11;0.50;76.55665;;
2021-01-22;B.4.1.2;B;B.4;E11.P2.C2;E11;0.50;76.55665;;
2021-01-22;B.4.1.2;B;B.4;E11.P3.C2;E11;0.50;76.55665;;
2021-01-22;B.4.1.2;B;B.4;E11.P4.C2;E11;0.50;76.55665;;
2021-01-22;B.4.1.2;B;B.4;E12.P1.C2;E12;0.50;76.55665;;
2021-01-22;B.4.1.2;B;B.4;E12.P2.C2;E12;0.50;76.55665;;
2021-01-22;B.4.1.2;B;B.4;E12.P3.C2;E12;0.50;76.55665;;
2021-01-22;B.4.1.2;B;B.4;E12.P4.C2;E12;0.50;76.55665;;
2021-01-22;B.4.1.2;B;B.4;E20.P1.C2;E20;0.50;76.55665;;
2021-01-22;B.4.1.2;B;B.4;E20.P2.C2;E20;0.50;76.55665;;
2021-01-22;B.4.1.2;B;B.4;E20.P3.C2;E20;0.50;76.55665;;
2021-01-22;B.4.1.2;B;B.4;E20.P4.C2;E20;0.50;76.55665;;
2021-01-22;B.4.1.3;B;B.4;E04.P1.C2;E04;0.50;56.6684;;
2021-01-22;B.4.1.3;B;B.4;E04.P2.C2;E04;0.50;56.6684;;
2021-01-22;B.4.1.3;B;B.4;E05.P1.C2;E05;0.50;56.6684;;
2021-01-22;B.4.1.3;B;B.4;E06.P1.C2;E06;0.50;56.6684;;
2021-01-22;B.4.1.3;B;B.4;E09.P1.C2;E09;0.50;56.6684;;
2021-01-22;B.4.1.3;B;B.4;E09.P2.C2;E09;0.50;56.6684;;
2021-01-22;B.4.1.3;B;B.4;E10.P1.C2;E10;0.50;56.6684;;
2021-01-22;B.4.1.3;B;B.4;E10.P2.C2;E10;0.50;56.6684;;
2021-01-22;B.4.1.3;B;B.4;E10.P3.C2;E10;0.50;56.6684;;
2021-01-22;B.4.1.3;B;B.4;E10.P4.C2;E10;0.50;56.6684;;
2021-01-22;B.4.1.3;B;B.4;E11.P1.C2;E11;0.50;56.6684;;
2021-01-22;B.4.1.3;B;B.4;E11.P2.C2;E11;0.50;56.6684;;
2021-01-22;B.4.1.3;B;B.4;E11.P3.C2;E11;0.50;56.6684;;
2021-01-22;B.4.1.3;B;B.4;E11.P4.C2;E11;0.50;56.6684;;
2021-01-22;B.4.1.3;B;B.4;E12.P1.C2;E12;0.50;56.6684;;
2021-01-22;B.4.1.3;B;B.4;E12.P2.C2;E12;0.50;56.6684;;
2021-01-22;B.4.1.3;B;B.4;E12.P3.C2;E12;0.50;56.6684;;
2021-01-22;B.4.1.3;B;B.4;E12.P4.C2;E12;0.50;56.6684;;
2021-01-22;B.4.1.3;B;B.4;E20.P1.C2;E20;0.50;56.6684;;
2021-01-22;B.4.1.3;B;B.4;E20.P2.C2;E20;0.50;56.6684;;
2021-01-22;B.4.1.3;B;B.4;E20.P3.C2;E20;0.50;56.6684;;
2021-01-22;B.4.1.3;B;B.4;E20.P4.C2;E20;0.50;56.6684;;
2021-01-22;B.5.1.1;B;B.5;E04.P2.C2;E04;0.50;80.5935;;
2021-01-22;B.5.1.1;B;B.5;E05.P2.C2;E05;0.50;80.5935;;
2021-01-22;B.5.1.1;B;B.5;E06.P2.C2;E06;0.25;40.29675;;
2021-01-22;B.5.1.1;B;B.5;E09.P2.C2;E09;0.50;80.5935;;
2021-01-22;B.5.1.1;B;B.5;E10.P2.C2;E10;0.50;80.5935;;
2021-01-22;B.5.1.1;B;B.5;E10.P3.C2;E10;0.50;80.5935;;
2021-01-22;B.5.1.1;B;B.5;E10.P4.C2;E10;0.50;80.5935;;
2021-01-22;B.5.1.1;B;B.5;E11.P2.C2;E11;0.50;80.5935;;
2021-01-22;B.5.1.1;B;B.5;E11.P3.C2;E11;0.50;80.5935;;
2021-01-22;B.5.1.1;B;B.5;E11.P4.C2;E11;0.50;80.5935;;
2021-01-22;B.5.1.1;B;B.5;E12.P2.C2;E12;0.50;80.5935;;
2021-01-22;B.5.1.1;B;B.5;E12.P3.C2;E12;0.50;80.5935;;
2021-01-22;B.5.1.1;B;B.5;E12.P4.C2;E12;0.50;80.5935;;
2021-01-22;B.5.1.1;B;B.5;E20.P2.C2;E20;0.50;80.5935;;
2021-01-22;B.5.1.1;B;B.5;E20.P3.C2;E20;0.50;80.5935;;
2021-01-22;B.5.1.1;B;B.5;E20.P4.C2;E20;0.50;80.5935;;
2021-01-22;B.5.1.2;B;B.5;E04.P2.C2;E04;0.50;102.7976;;
2021-01-22;B.5.1.2;B;B.5;E05.P2.C2;E05;0.50;102.7976;;
2021-01-22;B.5.1.2;B;B.5;E06.P2.C2;E06;0.25;51.3988;;
2021-01-22;B.5.1.2;B;B.5;E09.P2.C2;E09;0.50;102.7976;;
2021-01-22;B.5.1.2;B;B.5;E10.P2.C2;E10;0.50;102.7976;;
2021-01-22;B.5.1.2;B;B.5;E10.P3.C2;E10;0.50;102.7976;;
2021-01-22;B.5.1.2;B;B.5;E10.P4.C2;E10;0.50;102.7976;;
2021-01-22;B.5.1.2;B;B.5;E11.P2.C2;E11;0.50;102.7976;;
2021-01-22;B.5.1.2;B;B.5;E11.P3.C2;E11;0.50;102.7976;;
2021-01-22;B.5.1.2;B;B.5;E11.P4.C2;E11;0.50;102.7976;;
2021-01-22;B.5.1.2;B;B.5;E12.P2.C2;E12;0.50;102.7976;;
2021-01-22;B.5.1.2;B;B.5;E12.P3.C2;E12;0.50;102.7976;;
2021-01-22;B.5.1.2;B;B.5;E12.P4.C2;E12;0.50;102.7976;;
2021-01-22;B.5.1.2;B;B.5;E20.P2.C2;E20;0.50;102.7976;;
2021-01-22;B.5.1.2;B;B.5;E20.P3.C2;E20;0.50;102.7976;;
2021-01-22;B.5.1.2;B;B.5;E20.P4.C2;E20;0.50;102.7976;;
2021-01-22;B.5.1.3;B;B.5;E04.P2.C2;E04;0.50;76.284;;
2021-01-22;B.5.1.3;B;B.5;E05.P2.C2;E05;0.50;76.284;;
2021-01-22;B.5.1.3;B;B.5;E06.P2.C2;E06;0.25;38.142;;
2021-01-22;B.5.1.3;B;B.5;E09.P2.C2;E09;0.50;76.284;;
2021-01-22;B.5.1.3;B;B.5;E10.P2.C2;E10;0.50;76.284;;
2021-01-22;B.5.1.3;B;B.5;E10.P3.C2;E10;0.50;76.284;;
2021-01-22;B.5.1.3;B;B.5;E10.P4.C2;E10;0.50;76.284;;
2021-01-22;B.5.1.3;B;B.5;E11.P2.C2;E11;0.50;76.284;;
2021-01-22;B.5.1.3;B;B.5;E11.P3.C2;E11;0.50;76.284;;
2021-01-22;B.5.1.3;B;B.5;E11.P4.C2;E11;0.50;76.284;;
2021-01-22;B.5.1.3;B;B.5;E12.P2.C2;E12;0.50;76.284;;
2021-01-22;B.5.1.3;B;B.5;E12.P3.C2;E12;0.50;76.284;;
2021-01-22;B.5.1.3;B;B.5;E12.P4.C2;E12;0.50;76.284;;
2021-01-22;B.5.1.3;B;B.5;E20.P2.C2;E20;0.50;76.284;;
2021-01-22;B.5.1.3;B;B.5;E20.P3.C2;E20;0.50;76.284;;
2021-01-22;B.5.1.3;B;B.5;E20.P4.C2;E20;0.50;76.284;;
