FECHA;ITEM;ELEMENTO_ID;AVANCE;MONTO;OBS;ESTADO
2021-01-22;A.1.1;L;0.75;1337.37;;
2021-01-22;A.1.2;L;0.6;296.94;;
2021-01-22;A.1.4;L;0.8;367.904;;
2021-01-22;A.2.1;L;1;53.62;;
2021-01-22;A.2.3;L;0.65;2580.266;;
2021-01-22;A.3.1.1;E01;0.5;0.414;;
2021-01-22;A.3.1.1;E02;0.5;0.414;;
2021-01-22;A.3.1.1;E03;0.5;0.414;;
2021-01-22;A.3.1.1;E04;1;0.828;;
2021-01-22;A.3.1.1;E05;1;0.828;;
2021-01-22;A.3.1.1;E06;1;0.828;;
2021-01-22;A.3.1.1;E07;1;0.828;;
2021-01-22;A.3.1.1;E08;1;0.828;;
2021-01-22;A.3.1.1;E09;1;0.828;;
2021-01-22;A.3.1.1;E10;1;0.828;;
2021-01-22;A.3.1.1;E11;1;0.828;;
2021-01-22;A.3.1.1;E12;1;0.828;;
2021-01-22;A.3.1.1;E13;0.5;0.414;;
2021-01-22;A.3.1.1;E14;0.5;0.414;;
2021-01-22;A.3.1.1;E15;0;0;;
2021-01-22;A.3.1.1;E16;0.5;0.414;;
2021-01-22;A.3.1.1;E17;0.5;0.414;;
2021-01-22;A.3.1.1;E18;1;0.828;;
2021-01-22;A.3.1.1;E19;0.5;0.414;;
2021-01-22;A.3.1.1;E20;1;0.828;;
2021-01-22;A.3.1.2;E01;0.5;0.12;;
2021-01-22;A.3.1.2;E02;0.5;0.12;;
2021-01-22;A.3.1.2;E03;0.5;0.12;;
2021-01-22;A.3.1.2;E04;1;0.24;;
2021-01-22;A.3.1.2;E05;1;0.24;;
2021-01-22;A.3.1.2;E06;1;0.24;;
2021-01-22;A.3.1.2;E07;1;0.24;;
2021-01-22;A.3.1.2;E08;1;0.24;;
2021-01-22;A.3.1.2;E09;1;0.24;;
2021-01-22;A.3.1.2;E10;1;0.24;;
2021-01-22;A.3.1.2;E11;1;0.24;;
2021-01-22;A.3.1.2;E12;1;0.24;;
2021-01-22;A.3.1.2;E13;0.5;0.12;;
2021-01-22;A.3.1.2;E14;0.5;0.12;;
2021-01-22;A.3.1.2;E15;0;0;;
2021-01-22;A.3.1.2;E16;0.5;0.12;;
2021-01-22;A.3.1.2;E17;0.5;0.12;;
2021-01-22;A.3.1.2;E18;1;0.24;;
2021-01-22;A.3.1.2;E19;0.5;0.12;;
2021-01-22;A.3.1.2;E20;1;0.24;;
2021-01-22;A.3.1.3;E01;0.5;0.125;;
2021-01-22;A.3.1.3;E02;0.5;0.125;;
2021-01-22;A.3.1.3;E03;0.5;0.125;;
2021-01-22;A.3.1.3;E04;1;0.25;;
2021-01-22;A.3.1.3;E05;1;0.25;;
2021-01-22;A.3.1.3;E06;1;0.25;;
2021-01-22;A.3.1.3;E07;1;0.25;;
2021-01-22;A.3.1.3;E08;1;0.25;;
2021-01-22;A.3.1.3;E09;1;0.25;;
2021-01-22;A.3.1.3;E10;1;0.25;;
2021-01-22;A.3.1.3;E11;1;0.25;;
2021-01-22;A.3.1.3;E12;1;0.25;;
2021-01-22;A.3.1.3;E13;0.5;0.125;;
2021-01-22;A.3.1.3;E14;0.5;0.125;;
2021-01-22;A.3.1.3;E15;0;0;;
2021-01-22;A.3.1.3;E16;0.5;0.125;;
2021-01-22;A.3.1.3;E17;0.5;0.125;;
2021-01-22;A.3.1.3;E18;1;0.25;;
2021-01-22;A.3.1.3;E19;0.5;0.125;;
2021-01-22;A.3.1.3;E20;1;0.25;;
2021-01-22;A.3.1.4;E01;0.5;0.315;;
2021-01-22;A.3.1.4;E02;0.5;0.315;;
2021-01-22;A.3.1.4;E03;0.5;0.315;;
2021-01-22;A.3.1.4;E04;1;0.63;;
2021-01-22;A.3.1.4;E05;1;0.63;;
2021-01-22;A.3.1.4;E06;1;0.63;;
2021-01-22;A.3.1.4;E07;1;0.63;;
2021-01-22;A.3.1.4;E08;1;0.63;;
2021-01-22;A.3.1.4;E09;1;0.63;;
2021-01-22;A.3.1.4;E10;1;0.63;;
2021-01-22;A.3.1.4;E11;1;0.63;;
2021-01-22;A.3.1.4;E12;1;0.63;;
2021-01-22;A.3.1.4;E13;0.5;0.315;;
2021-01-22;A.3.1.4;E14;0.5;0.315;;
2021-01-22;A.3.1.4;E15;0;0;;
2021-01-22;A.3.1.4;E16;0.5;0.315;;
2021-01-22;A.3.1.4;E17;0.5;0.315;;
2021-01-22;A.3.1.4;E18;1;0.63;;
2021-01-22;A.3.1.4;E19;0.5;0.315;;
2021-01-22;A.3.1.4;E20;1;0.63;;
2021-01-22;A.3.3.1;E01;0.041666667;0.4509375;;
2021-01-22;A.3.3.1;E02;0;0;;
2021-01-22;A.3.3.1;E03;0;0;;
2021-01-22;A.3.3.1;E04;0.5;5.41125;;
2021-01-22;A.3.3.1;E05;0.4;4.329;;
2021-01-22;A.3.3.1;E06;0.35;3.787875;;
2021-01-22;A.3.3.1;E07;0;0;;
2021-01-22;A.3.3.1;E08;0;0;;
2021-01-22;A.3.3.1;E09;0.4;4.329;;
2021-01-22;A.3.3.1;E10;1;10.8225;;
2021-01-22;A.3.3.1;E11;1;10.8225;;
2021-01-22;A.3.3.1;E12;1;10.8225;;
2021-01-22;A.3.3.1;E13;0;0;;
2021-01-22;A.3.3.1;E14;0.083333333;0.901875;;
2021-01-22;A.3.3.1;E15;0;0;;
2021-01-22;A.3.3.1;E16;0.083333333;0.901875;;
2021-01-22;A.3.3.1;E17;0.083333333;0.901875;;
2021-01-22;A.3.3.1;E18;0.1;1.08225;;
2021-01-22;A.3.3.1;E19;0;0;;
2021-01-22;A.3.3.1;E20;1;10.8225;;
2021-01-22;A.3.3.2;E01;0.041666667;0.0975;;
2021-01-22;A.3.3.2;E02;0;0;;
2021-01-22;A.3.3.2;E03;0;0;;
2021-01-22;A.3.3.2;E04;0.5;1.17;;
2021-01-22;A.3.3.2;E05;0.4;0.936;;
2021-01-22;A.3.3.2;E06;0.35;0.819;;
2021-01-22;A.3.3.2;E07;0;0;;
2021-01-22;A.3.3.2;E08;0;0;;
2021-01-22;A.3.3.2;E09;0.4;0.936;;
2021-01-22;A.3.3.2;E10;1;2.34;;
2021-01-22;A.3.3.2;E11;1;2.34;;
2021-01-22;A.3.3.2;E12;1;2.34;;
2021-01-22;A.3.3.2;E13;0;0;;
2021-01-22;A.3.3.2;E14;0.083333333;0.195;;
2021-01-22;A.3.3.2;E15;0;0;;
2021-01-22;A.3.3.2;E16;0.083333333;0.195;;
2021-01-22;A.3.3.2;E17;0.083333333;0.195;;
2021-01-22;A.3.3.2;E18;0.1;0.234;;
2021-01-22;A.3.3.2;E19;0;0;;
2021-01-22;A.3.3.2;E20;1;2.34;;
2021-01-22;A.3.5.1;E04.P2.D21;1;0.19;;
2021-01-22;A.3.5.1;E04.P2.D22;1;0.19;;
2021-01-22;A.3.5.1;E04.P2.D23;1;0.19;;
2021-01-22;A.3.5.1;E04.P2.D24;1;0.19;;
2021-01-22;A.3.5.1;E04.P3.D31;1;0.19;;
2021-01-22;A.3.5.1;E04.P3.D32;1;0.19;;
2021-01-22;A.3.5.1;E04.P3.D33;1;0.19;;
2021-01-22;A.3.5.1;E05.P2.D21;1;0.19;;
2021-01-22;A.3.5.1;E05.P2.D22;1;0.19;;
2021-01-22;A.3.5.1;E05.P2.D23;1;0.19;;
2021-01-22;A.3.5.1;E05.P2.D24;1;0.19;;
2021-01-22;A.3.5.1;E06.P2.D21;1;0.19;;
2021-01-22;A.3.5.1;E06.P2.D22;1;0.19;;
2021-01-22;A.3.5.1;E06.P2.D23;1;0.19;;
2021-01-22;A.3.5.1;E06.P2.D24;1;0.19;;
2021-01-22;A.3.5.1;E09.P2.D21;1;0.19;;
2021-01-22;A.3.5.1;E09.P2.D22;1;0.19;;
2021-01-22;A.3.5.1;E09.P2.D23;1;0.19;;
2021-01-22;A.3.5.1;E09.P2.D24;1;0.19;;
2021-01-22;A.3.5.1;E10.P2.D21;1;0.19;;
2021-01-22;A.3.5.1;E10.P2.D22;1;0.19;;
2021-01-22;A.3.5.1;E10.P2.D23;1;0.19;;
2021-01-22;A.3.5.1;E10.P2.D24;1;0.19;;
2021-01-22;A.3.5.1;E10.P3.D31;1;0.19;;
2021-01-22;A.3.5.1;E10.P3.D32;1;0.19;;
2021-01-22;A.3.5.1;E10.P3.D33;1;0.19;;
2021-01-22;A.3.5.1;E10.P4.D34;1;0.19;;
2021-01-22;A.3.5.1;E10.P4.D41;1;0.19;;
2021-01-22;A.3.5.1;E10.P4.D42;1;0.19;;
2021-01-22;A.3.5.1;E10.P4.D43;1;0.19;;
2021-01-22;A.3.5.1;E10.P4.D44;1;0.19;;
2021-01-22;A.3.5.1;E11.P2.D21;1;0.19;;
2021-01-22;A.3.5.1;E11.P2.D22;1;0.19;;
2021-01-22;A.3.5.1;E11.P2.D23;1;0.19;;
2021-01-22;A.3.5.1;E11.P2.D24;1;0.19;;
2021-01-22;A.3.5.1;E11.P3.D31;1;0.19;;
2021-01-22;A.3.5.1;E11.P3.D32;1;0.19;;
2021-01-22;A.3.5.1;E11.P3.D33;1;0.19;;
2021-01-22;A.3.5.1;E11.P4.D34;1;0.19;;
2021-01-22;A.3.5.1;E11.P4.D41;1;0.19;;
2021-01-22;A.3.5.1;E11.P4.D42;1;0.19;;
2021-01-22;A.3.5.1;E11.P4.D43;1;0.19;;
2021-01-22;A.3.5.1;E11.P4.D44;1;0.19;;
2021-01-22;A.3.5.1;E12.P2.D21;1;0.19;;
2021-01-22;A.3.5.1;E12.P2.D22;1;0.19;;
2021-01-22;A.3.5.1;E12.P2.D23;1;0.19;;
2021-01-22;A.3.5.1;E12.P2.D24;1;0.19;;
2021-01-22;A.3.5.1;E12.P3.D31;1;0.19;;
2021-01-22;A.3.5.1;E12.P3.D32;1;0.19;;
2021-01-22;A.3.5.1;E12.P3.D33;1;0.19;;
2021-01-22;A.3.5.1;E12.P4.D34;1;0.19;;
2021-01-22;A.3.5.1;E12.P4.D41;1;0.19;;
2021-01-22;A.3.5.1;E12.P4.D42;1;0.19;;
2021-01-22;A.3.5.1;E12.P4.D43;1;0.19;;
2021-01-22;A.3.5.1;E12.P4.D44;1;0.19;;
2021-01-22;A.3.5.1;E20.P2.D21;1;0.19;;
2021-01-22;A.3.5.1;E20.P2.D22;1;0.19;;
2021-01-22;A.3.5.1;E20.P2.D23;1;0.19;;
2021-01-22;A.3.5.1;E20.P2.D24;1;0.19;;
2021-01-22;A.3.5.1;E20.P3.D31;1;0.19;;
2021-01-22;A.3.5.1;E20.P3.D32;1;0.19;;
2021-01-22;A.3.5.1;E20.P3.D33;1;0.19;;
2021-01-22;A.3.5.1;E20.P4.D34;1;0.19;;
2021-01-22;A.3.5.1;E20.P4.D41;1;0.19;;
2021-01-22;A.3.5.1;E20.P4.D42;1;0.19;;
2021-01-22;A.3.5.1;E20.P4.D43;1;0.19;;
2021-01-22;A.3.5.1;E20.P4.D44;1;0.19;;
2021-01-22;B.1.1;E01.L0;1;6.34675;;
2021-01-22;B.1.1;E01.L1;0;0;;
2021-01-22;B.1.1;E02.L1;0.5;6.34675;;
2021-01-22;B.1.1;E03.L1;0.5;6.34675;;
2021-01-22;B.1.1;E04.L1;1;12.6935;;
2021-01-22;B.1.1;E05.L1;1;12.6935;;
2021-01-22;B.1.1;E06.L1;1;12.6935;;
2021-01-22;B.1.1;E07.L1;0.75;9.520125;;
2021-01-22;B.1.1;E08.L1;0.75;9.520125;;
2021-01-22;B.1.1;E09.L1;0.75;9.520125;;
2021-01-22;B.1.1;E10.L1;1;12.6935;;
2021-01-22;B.1.1;E11.L1;1;12.6935;;
2021-01-22;B.1.1;E12.L1;1;12.6935;;
2021-01-22;B.1.1;E13.L1;0.7;8.88545;;
2021-01-22;B.1.1;E14.L0;1;6.34675;;
2021-01-22;B.1.1;E14.L1;0;0;;
2021-01-22;B.1.1;E15.L0;0;0;;
2021-01-22;B.1.1;E15.L1;0;0;;
2021-01-22;B.1.1;E16.L0;1;6.34675;;
2021-01-22;B.1.1;E16.L1;0;0;;
2021-01-22;B.1.1;E17.L0;1;6.34675;;
2021-01-22;B.1.1;E17.L1;0;0;;
2021-01-22;B.1.1;E18.L1;1;12.6935;;
2021-01-22;B.1.1;E19.L1;0.5;6.34675;;
2021-01-22;B.1.1;E20.L1;1;12.6935;;
2021-01-22;B.1.2;E01.L0;1;11.66125;;
2021-01-22;B.1.2;E01.L1;0;0;;
2021-01-22;B.1.2;E02.L1;0.7;16.32575;;
2021-01-22;B.1.2;E03.L1;0.7;16.32575;;
2021-01-22;B.1.2;E04.L1;1;23.3225;;
2021-01-22;B.1.2;E05.L1;1;23.3225;;
2021-01-22;B.1.2;E06.L1;1;23.3225;;
2021-01-22;B.1.2;E07.L1;1;23.3225;;
2021-01-22;B.1.2;E08.L1;1;23.3225;;
2021-01-22;B.1.2;E09.L1;1;23.3225;;
2021-01-22;B.1.2;E10.L1;1;23.3225;;
2021-01-22;B.1.2;E11.L1;1;23.3225;;
2021-01-22;B.1.2;E12.L1;1;23.3225;;
2021-01-22;B.1.2;E13.L1;0.7;16.32575;;
2021-01-22;B.1.2;E14.L0;1;11.66125;;
2021-01-22;B.1.2;E14.L1;0;0;;
2021-01-22;B.1.2;E15.L0;0;0;;
2021-01-22;B.1.2;E15.L1;0;0;;
2021-01-22;B.1.2;E16.L0;1;11.66125;;
2021-01-22;B.1.2;E16.L1;0;0;;
2021-01-22;B.1.2;E17.L0;1;11.66125;;
2021-01-22;B.1.2;E17.L1;0;0;;
2021-01-22;B.1.2;E18.L1;1;23.3225;;
2021-01-22;B.1.2;E19.L1;0.5;11.66125;;
2021-01-22;B.1.2;E20.L1;1;23.3225;;
2021-01-22;B.1.3;E01.L0;1;21.506;;
2021-01-22;B.1.3;E01.L1;0;0;;
2021-01-22;B.1.3;E02.L1;0;0;;
2021-01-22;B.1.3;E03.L1;0;0;;
2021-01-22;B.1.3;E04.L1;1;43.012;;
2021-01-22;B.1.3;E05.L1;1;43.012;;
2021-01-22;B.1.3;E06.L1;1;43.012;;
2021-01-22;B.1.3;E07.L1;1;43.012;;
2021-01-22;B.1.3;E08.L1;1;43.012;;
2021-01-22;B.1.3;E09.L1;1;43.012;;
2021-01-22;B.1.3;E10.L1;1;43.012;;
2021-01-22;B.1.3;E11.L1;1;43.012;;
2021-01-22;B.1.3;E12.L1;1;43.012;;
2021-01-22;B.1.3;E13.L1;0.7;30.1084;;
2021-01-22;B.1.3;E14.L0;1;21.506;;
2021-01-22;B.1.3;E14.L1;0;0;;
2021-01-22;B.1.3;E15.L0;0;0;;
2021-01-22;B.1.3;E15.L1;0;0;;
2021-01-22;B.1.3;E16.L0;1;21.506;;
2021-01-22;B.1.3;E16.L1;0;0;;
2021-01-22;B.1.3;E17.L0;1;21.506;;
2021-01-22;B.1.3;E17.L1;0;0;;
2021-01-22;B.1.3;E18.L1;1;43.012;;
2021-01-22;B.1.3;E19.L1;0.5;21.506;;
2021-01-22;B.1.3;E20.L1;1;43.012;;
2021-01-22;B.1.4;E01.L0;1;243.01575;;
2021-01-22;B.1.4;E01.L1;0;0;;
2021-01-22;B.1.4;E02.L1;0;0;;
2021-01-22;B.1.4;E03.L1;0;0;;
2021-01-22;B.1.4;E04.L1;1;486.0315;;
2021-01-22;B.1.4;E05.L1;1;486.0315;;
2021-01-22;B.1.4;E06.L1;1;486.0315;;
2021-01-22;B.1.4;E07.L1;1;486.0315;;
2021-01-22;B.1.4;E08.L1;1;486.0315;;
2021-01-22;B.1.4;E09.L1;1;486.0315;;
2021-01-22;B.1.4;E10.L1;1;486.0315;;
2021-01-22;B.1.4;E11.L1;1;486.0315;;
2021-01-22;B.1.4;E12.L1;1;486.0315;;
2021-01-22;B.1.4;E13.L1;0.7;340.22205;;
2021-01-22;B.1.4;E14.L0;1;243.01575;;
2021-01-22;B.1.4;E14.L1;0;0;;
2021-01-22;B.1.4;E15.L0;0;0;;
2021-01-22;B.1.4;E15.L1;0;0;;
2021-01-22;B.1.4;E16.L0;1;243.01575;;
2021-01-22;B.1.4;E16.L1;0;0;;
2021-01-22;B.1.4;E17.L0;1;243.01575;;
2021-01-22;B.1.4;E17.L1;0;0;;
2021-01-22;B.1.4;E18.L1;1;486.0315;;
2021-01-22;B.1.4;E19.L1;0.5;243.01575;;
2021-01-22;B.1.4;E20.L1;1;486.0315;;
2021-01-22;B.1.6;E01.L0;1;255.9645;;
2021-01-22;B.1.6;E01.L1;0;0;;
2021-01-22;B.1.6;E02.L1;0;0;;
2021-01-22;B.1.6;E03.L1;0;0;;
2021-01-22;B.1.6;E04.L1;1;511.929;;
2021-01-22;B.1.6;E05.L1;1;511.929;;
2021-01-22;B.1.6;E06.L1;1;511.929;;
2021-01-22;B.1.6;E07.L1;1;511.929;;
2021-01-22;B.1.6;E08.L1;1;511.929;;
2021-01-22;B.1.6;E09.L1;1;511.929;;
2021-01-22;B.1.6;E10.L1;1;511.929;;
2021-01-22;B.1.6;E11.L1;1;511.929;;
2021-01-22;B.1.6;E12.L1;1;511.929;;
2021-01-22;B.1.6;E13.L1;0.7;358.3503;;
2021-01-22;B.1.6;E14.L0;1;255.9645;;
2021-01-22;B.1.6;E14.L1;0;0;;
2021-01-22;B.1.6;E15.L0;0;0;;
2021-01-22;B.1.6;E15.L1;0;0;;
2021-01-22;B.1.6;E16.L0;1;255.9645;;
2021-01-22;B.1.6;E16.L1;0;0;;
2021-01-22;B.1.6;E17.L0;1;255.9645;;
2021-01-22;B.1.6;E17.L1;0;0;;
2021-01-22;B.1.6;E18.L1;1;511.929;;
2021-01-22;B.1.6;E19.L1;0.5;255.9645;;
2021-01-22;B.1.6;E20.L1;1;511.929;;
2021-01-22;B.1.7;E01.L0;1;207.17425;;
2021-01-22;B.1.7;E01.L1;0;0;;
2021-01-22;B.1.7;E02.L1;0;0;;
2021-01-22;B.1.7;E03.L1;0;0;;
2021-01-22;B.1.7;E04.L1;1;414.3485;;
2021-01-22;B.1.7;E05.L1;1;414.3485;;
2021-01-22;B.1.7;E06.L1;1;414.3485;;
2021-01-22;B.1.7;E07.L1;1;414.3485;;
2021-01-22;B.1.7;E08.L1;1;414.3485;;
2021-01-22;B.1.7;E09.L1;1;414.3485;;
2021-01-22;B.1.7;E10.L1;1;414.3485;;
2021-01-22;B.1.7;E11.L1;1;414.3485;;
2021-01-22;B.1.7;E12.L1;1;414.3485;;
2021-01-22;B.1.7;E13.L1;0.7;290.04395;;
2021-01-22;B.1.7;E14.L0;1;207.17425;;
2021-01-22;B.1.7;E14.L1;0;0;;
2021-01-22;B.1.7;E15.L0;0;0;;
2021-01-22;B.1.7;E15.L1;0;0;;
2021-01-22;B.1.7;E16.L0;1;207.17425;;
2021-01-22;B.1.7;E16.L1;0;0;;
2021-01-22;B.1.7;E17.L0;1;207.17425;;
2021-01-22;B.1.7;E17.L1;0;0;;
2021-01-22;B.1.7;E18.L1;1;414.3485;;
2021-01-22;B.1.7;E19.L1;0.5;207.17425;;
2021-01-22;B.1.7;E20.L1;1;414.3485;;
2021-01-22;B.3.1.1;E04.P1;1;152.092444;;
2021-01-22;B.3.1.1;E05.P1;1;152.092444;;
2021-01-22;B.3.1.1;E06.P1;1;152.092444;;
2021-01-22;B.3.1.1;E09.P1;1;152.092444;;
2021-01-22;B.3.1.1;E10.P1;1;152.092444;;
2021-01-22;B.3.1.1;E11.P1;1;152.092444;;
2021-01-22;B.3.1.1;E12.P1;1;152.092444;;
2021-01-22;B.3.1.1;E14.P0;1;76.046222;;
2021-01-22;B.3.1.1;E16.P0;1;76.046222;;
2021-01-22;B.3.1.1;E17.P0;1;76.046222;;
2021-01-22;B.3.1.1;E20.P1;1;152.092444;;
2021-01-22;B.3.1.2;E04.P1;1;194.830667;;
2021-01-22;B.3.1.2;E05.P1;1;194.830667;;
2021-01-22;B.3.1.2;E06.P1;1;194.830667;;
2021-01-22;B.3.1.2;E07.P1;1;194.830667;;
2021-01-22;B.3.1.2;E08.P1;0.5;97.4153335;;
2021-01-22;B.3.1.2;E09.P1;1;194.830667;;
2021-01-22;B.3.1.2;E10.P1;1;194.830667;;
2021-01-22;B.3.1.2;E11.P1;1;194.830667;;
2021-01-22;B.3.1.2;E12.P1;1;194.830667;;
2021-01-22;B.3.1.2;E14.P0;1;97.415333;;
2021-01-22;B.3.1.2;E16.P0;1;97.415333;;
2021-01-22;B.3.1.2;E17.P0;1;97.415333;;
2021-01-22;B.3.1.2;E18.P1;1;194.830667;;
2021-01-22;B.3.1.2;E20.P1;1;194.830667;;
2021-01-22;B.3.1.3;E04.P1;1;119.078667;;
2021-01-22;B.3.1.3;E05.P1;1;119.078667;;
2021-01-22;B.3.1.3;E06.P1;1;119.078667;;
2021-01-22;B.3.1.3;E09.P1;1;119.078667;;
2021-01-22;B.3.1.3;E10.P1;1;119.078667;;
2021-01-22;B.3.1.3;E11.P1;1;119.078667;;
2021-01-22;B.3.1.3;E12.P1;1;119.078667;;
2021-01-22;B.3.1.3;E14.P0;1;59.539333;;
2021-01-22;B.3.1.3;E16.P0;1;59.539333;;
2021-01-22;B.3.1.3;E17.P0;1;59.539333;;
2021-01-22;B.3.1.3;E20.P1;1;119.078667;;
2021-01-22;B.4.1.1;E04.P1;1;127.604364;;
2021-01-22;B.4.1.1;E04.P2;1;127.604364;;
2021-01-22;B.4.1.1;E05.P1;1;127.604364;;
2021-01-22;B.4.1.1;E06.P1;1;127.604364;;
2021-01-22;B.4.1.1;E09.P1;1;127.604364;;
2021-01-22;B.4.1.1;E09.P2;1;127.604364;;
2021-01-22;B.4.1.1;E10.P1;1;127.604364;;
2021-01-22;B.4.1.1;E10.P2;1;127.604364;;
2021-01-22;B.4.1.1;E10.P3;1;127.604364;;
2021-01-22;B.4.1.1;E10.P4;1;127.604364;;
2021-01-22;B.4.1.1;E11.P1;1;127.604364;;
2021-01-22;B.4.1.1;E11.P2;1;127.604364;;
2021-01-22;B.4.1.1;E11.P3;1;127.604364;;
2021-01-22;B.4.1.1;E11.P4;1;127.604364;;
2021-01-22;B.4.1.1;E12.P1;1;127.604364;;
2021-01-22;B.4.1.1;E12.P2;1;127.604364;;
2021-01-22;B.4.1.1;E12.P3;1;127.604364;;
2021-01-22;B.4.1.1;E12.P4;1;127.604364;;
2021-01-22;B.4.1.1;E20.P1;1;127.604364;;
2021-01-22;B.4.1.1;E20.P2;1;127.604364;;
2021-01-22;B.4.1.1;E20.P3;1;127.604364;;
2021-01-22;B.4.1.1;E20.P4;1;127.604364;;
2021-01-22;B.4.1.2;E04.P1;1;153.113333;;
2021-01-22;B.4.1.2;E04.P2;1;153.113333;;
2021-01-22;B.4.1.2;E05.P1;1;153.113333;;
2021-01-22;B.4.1.2;E06.P1;1;153.113333;;
2021-01-22;B.4.1.2;E09.P1;1;153.113333;;
2021-01-22;B.4.1.2;E09.P2;1;153.113333;;
2021-01-22;B.4.1.2;E10.P1;1;153.113333;;
2021-01-22;B.4.1.2;E10.P2;1;153.113333;;
2021-01-22;B.4.1.2;E10.P3;1;153.113333;;
2021-01-22;B.4.1.2;E10.P4;1;153.113333;;
2021-01-22;B.4.1.2;E11.P1;1;153.113333;;
2021-01-22;B.4.1.2;E11.P2;1;153.113333;;
2021-01-22;B.4.1.2;E11.P3;1;153.113333;;
2021-01-22;B.4.1.2;E11.P4;1;153.113333;;
2021-01-22;B.4.1.2;E12.P1;1;153.113333;;
2021-01-22;B.4.1.2;E12.P2;1;153.113333;;
2021-01-22;B.4.1.2;E12.P3;1;153.113333;;
2021-01-22;B.4.1.2;E12.P4;1;153.113333;;
2021-01-22;B.4.1.2;E20.P1;1;153.113333;;
2021-01-22;B.4.1.2;E20.P2;1;153.113333;;
2021-01-22;B.4.1.2;E20.P3;1;153.113333;;
2021-01-22;B.4.1.2;E20.P4;1;153.113333;;
2021-01-22;B.4.1.3;E04.P1;1;113.336848;;
2021-01-22;B.4.1.3;E04.P2;1;113.336848;;
2021-01-22;B.4.1.3;E05.P1;1;113.336848;;
2021-01-22;B.4.1.3;E06.P1;1;113.336848;;
2021-01-22;B.4.1.3;E09.P1;1;113.336848;;
2021-01-22;B.4.1.3;E09.P2;1;113.336848;;
2021-01-22;B.4.1.3;E10.P1;1;113.336848;;
2021-01-22;B.4.1.3;E10.P2;1;113.336848;;
2021-01-22;B.4.1.3;E10.P3;1;113.336848;;
2021-01-22;B.4.1.3;E10.P4;1;113.336848;;
2021-01-22;B.4.1.3;E11.P1;1;113.336848;;
2021-01-22;B.4.1.3;E11.P2;1;113.336848;;
2021-01-22;B.4.1.3;E11.P3;1;113.336848;;
2021-01-22;B.4.1.3;E11.P4;1;113.336848;;
2021-01-22;B.4.1.3;E12.P1;1;113.336848;;
2021-01-22;B.4.1.3;E12.P2;1;113.336848;;
2021-01-22;B.4.1.3;E12.P3;1;113.336848;;
2021-01-22;B.4.1.3;E12.P4;1;113.336848;;
2021-01-22;B.4.1.3;E20.P1;1;113.336848;;
2021-01-22;B.4.1.3;E20.P2;1;113.336848;;
2021-01-22;B.4.1.3;E20.P3;1;113.336848;;
2021-01-22;B.4.1.3;E20.P4;1;113.336848;;
2021-01-22;B.5.1.1;E04.P2;1;161.187;;
2021-01-22;B.5.1.1;E05.P2;1;161.187;;
2021-01-22;B.5.1.1;E06.P2;0.5;80.5935;;
2021-01-22;B.5.1.1;E09.P2;1;161.187;;
2021-01-22;B.5.1.1;E10.P2;1;161.187;;
2021-01-22;B.5.1.1;E10.P3;1;161.187;;
2021-01-22;B.5.1.1;E10.P4;1;161.187;;
2021-01-22;B.5.1.1;E11.P2;1;161.187;;
2021-01-22;B.5.1.1;E11.P3;1;161.187;;
2021-01-22;B.5.1.1;E11.P4;1;161.187;;
2021-01-22;B.5.1.1;E12.P2;1;161.187;;
2021-01-22;B.5.1.1;E12.P3;1;161.187;;
2021-01-22;B.5.1.1;E12.P4;1;161.187;;
2021-01-22;B.5.1.1;E20.P2;1;161.187;;
2021-01-22;B.5.1.1;E20.P3;1;161.187;;
2021-01-22;B.5.1.1;E20.P4;1;161.187;;
2021-01-22;B.5.1.2;E04.P2;1;205.595167;;
2021-01-22;B.5.1.2;E05.P2;1;205.595167;;
2021-01-22;B.5.1.2;E06.P2;0.5;102.7975835;;
2021-01-22;B.5.1.2;E09.P2;1;205.595167;;
2021-01-22;B.5.1.2;E10.P2;1;205.595167;;
2021-01-22;B.5.1.2;E10.P3;1;205.595167;;
2021-01-22;B.5.1.2;E10.P4;1;205.595167;;
2021-01-22;B.5.1.2;E11.P2;1;205.595167;;
2021-01-22;B.5.1.2;E11.P3;1;205.595167;;
2021-01-22;B.5.1.2;E11.P4;1;205.595167;;
2021-01-22;B.5.1.2;E12.P2;1;205.595167;;
2021-01-22;B.5.1.2;E12.P3;1;205.595167;;
2021-01-22;B.5.1.2;E12.P4;1;205.595167;;
2021-01-22;B.5.1.2;E20.P2;1;205.595167;;
2021-01-22;B.5.1.2;E20.P3;1;205.595167;;
2021-01-22;B.5.1.2;E20.P4;1;205.595167;;
2021-01-22;B.5.1.3;E04.P2;1;152.568;;
2021-01-22;B.5.1.3;E05.P2;1;152.568;;
2021-01-22;B.5.1.3;E06.P2;0.5;76.284;;
2021-01-22;B.5.1.3;E09.P2;1;152.568;;
2021-01-22;B.5.1.3;E10.P2;1;152.568;;
2021-01-22;B.5.1.3;E10.P3;1;152.568;;
2021-01-22;B.5.1.3;E10.P4;1;152.568;;
2021-01-22;B.5.1.3;E11.P2;1;152.568;;
2021-01-22;B.5.1.3;E11.P3;1;152.568;;
2021-01-22;B.5.1.3;E11.P4;1;152.568;;
2021-01-22;B.5.1.3;E12.P2;1;152.568;;
2021-01-22;B.5.1.3;E12.P3;1;152.568;;
2021-01-22;B.5.1.3;E12.P4;1;152.568;;
2021-01-22;B.5.1.3;E20.P2;1;152.568;;
2021-01-22;B.5.1.3;E20.P3;1;152.568;;
2021-01-22;B.5.1.3;E20.P4;1;152.568;;
2021-01-22;B.EX.1;E10;0.3;42.45555;;
2021-01-22;B.EX.1;E11;0.3;42.45555;;
2021-01-22;B.EX.1;E12;0.3;42.45555;;
2021-01-22;B.EX.1;E20;0.3;42.45555;;
2021-01-22;B.EX.2;E11;1;15.4675;;
2021-01-22;B.EX.2;E12;1;15.4675;;
2021-01-22;B.EX.2;E13;1;15.4675;;
2021-01-22;C.1.1.1;E12.P1.D13;1;27.261091;;
2021-01-22;C.1.2.1;E10.P1.D11;1;16.568182;;
2021-01-22;C.1.2.1;E10.P1.D12;1;16.568182;;
2021-01-22;C.1.2.1;E10.P1.D13;1;16.568182;;
2021-01-22;C.1.2.1;E10.P1.D14;1;16.568182;;
2021-01-22;C.1.2.1;E10.P2.D21;1;16.568182;;
2021-01-22;C.1.2.1;E10.P2.D22;1;16.568182;;
2021-01-22;C.1.2.1;E10.P2.D23;1;16.568182;;
2021-01-22;C.1.2.1;E10.P2.D24;1;16.568182;;
2021-01-22;C.1.2.1;E10.P3.D31;1;16.568182;;
2021-01-22;C.1.2.1;E10.P3.D32;1;16.568182;;
2021-01-22;C.1.2.1;E10.P3.D33;1;16.568182;;
2021-01-22;C.1.2.1;E10.P4.D34;1;16.568182;;
2021-01-22;C.1.2.1;E10.P4.D41;1;16.568182;;
2021-01-22;C.1.2.1;E10.P4.D42;1;16.568182;;
2021-01-22;C.1.2.1;E10.P4.D43;0.5;8.284091;;
2021-01-22;C.1.2.1;E10.P4.D44;0.5;8.284091;;
2021-01-22;C.1.2.1;E11.P1.D11;1;16.568182;;
2021-01-22;C.1.2.1;E11.P1.D12;1;16.568182;;
2021-01-22;C.1.2.1;E11.P1.D13;1;16.568182;;
2021-01-22;C.1.2.1;E11.P1.D14;1;16.568182;;
2021-01-22;C.1.2.1;E11.P2.D21;1;16.568182;;
2021-01-22;C.1.2.1;E11.P2.D22;1;16.568182;;
2021-01-22;C.1.2.1;E11.P2.D23;1;16.568182;;
2021-01-22;C.1.2.1;E11.P2.D24;1;16.568182;;
2021-01-22;C.1.2.1;E11.P3.D31;0.5;8.284091;;
2021-01-22;C.1.2.1;E11.P3.D32;0.5;8.284091;;
2021-01-22;C.1.2.1;E11.P3.D33;0.5;8.284091;;
2021-01-22;C.1.2.1;E11.P4.D34;0.5;8.284091;;
2021-01-22;C.1.2.1;E12.P1.D11;1;16.568182;;
2021-01-22;C.1.2.1;E12.P1.D12;1;16.568182;;
2021-01-22;C.1.2.1;E12.P1.D13;1;16.568182;;
2021-01-22;C.1.2.1;E12.P1.D14;1;16.568182;;
2021-01-22;C.1.2.1;E12.P2.D21;1;16.568182;;
2021-01-22;C.1.2.1;E12.P2.D22;1;16.568182;;
2021-01-22;C.1.2.1;E12.P2.D23;1;16.568182;;
2021-01-22;C.1.2.1;E12.P2.D24;1;16.568182;;
2021-01-22;C.1.2.2;E11.P1.D11;0.5;6.961091;;
2021-01-22;C.1.2.2;E11.P1.D12;0.5;6.961091;;
2021-01-22;C.1.2.2;E11.P1.D13;0.5;6.961091;;
2021-01-22;C.1.2.2;E11.P1.D14;0.5;6.961091;;
2021-01-22;C.1.2.2;E11.P2.D21;0.5;6.961091;;
2021-01-22;C.1.2.2;E11.P2.D22;0.5;6.961091;;
2021-01-22;C.1.2.2;E11.P2.D23;0.5;6.961091;;
2021-01-22;C.1.2.2;E11.P2.D24;0.5;6.961091;;
2021-01-22;C.1.2.2;E12.P1.D11;1;13.922182;;
2021-01-22;C.1.2.2;E12.P1.D12;1;13.922182;;
2021-01-22;C.1.2.2;E12.P1.D13;1;13.922182;;
2021-01-22;C.1.2.2;E12.P1.D14;0.5;6.961091;;
2021-01-22;C.1.2.2;E12.P2.D21;0.5;6.961091;;
2021-01-22;C.1.2.2;E12.P2.D22;0.5;6.961091;;
2021-01-22;C.1.2.2;E12.P2.D23;0.5;6.961091;;
2021-01-22;C.1.2.2;E12.P2.D24;0.5;6.961091;;
2021-01-22;C.1.3.3;E11.P1.D11;0.5;11.177091;;
2021-01-22;C.1.3.3;E11.P1.D12;0.5;11.177091;;
2021-01-22;C.1.3.3;E11.P1.D13;0.5;11.177091;;
2021-01-22;C.1.3.3;E11.P1.D14;0.5;11.177091;;
2021-01-22;C.1.3.3;E11.P2.D21;0.5;11.177091;;
2021-01-22;C.1.3.3;E11.P2.D22;0.5;11.177091;;
2021-01-22;C.1.3.3;E11.P2.D23;0.5;11.177091;;
2021-01-22;C.1.3.3;E11.P2.D24;0.5;11.177091;;
2021-01-22;C.1.3.3;E12.P1.D11;1;22.354182;;
2021-01-22;C.1.3.3;E12.P1.D12;1;22.354182;;
2021-01-22;C.1.3.3;E12.P1.D13;1;22.354182;;
2021-01-22;C.1.3.3;E12.P1.D14;0.5;11.177091;;
2021-01-22;C.1.3.3;E12.P2.D21;0.5;11.177091;;
2021-01-22;C.1.3.3;E12.P2.D22;0.5;11.177091;;
2021-01-22;C.1.3.3;E12.P2.D23;0.5;11.177091;;
2021-01-22;C.1.3.3;E12.P2.D24;0.5;11.177091;;
2021-01-22;C.10.2;E12.P1.D13;0.5;1.542303;;
2021-01-22;C.11.2;E12.P1.D13;0.5;4.651924;;
2021-01-22;C.11.6;E12.P1.D13;1;2.693576;;
2021-01-22;C.11.7;E12.P1.D13;1;9.771485;;
2021-01-22;C.3.1;E10.P1.D11;1;13.643606;;
2021-01-22;C.3.1;E10.P1.D12;1;13.643606;;
2021-01-22;C.3.1;E10.P1.D13;1;13.643606;;
2021-01-22;C.3.1;E10.P1.D14;1;13.643606;;
2021-01-22;C.3.1;E10.P2.D21;1;13.643606;;
2021-01-22;C.3.1;E10.P2.D22;1;13.643606;;
2021-01-22;C.3.1;E10.P2.D23;1;13.643606;;
2021-01-22;C.3.1;E10.P2.D24;1;13.643606;;
2021-01-22;C.3.1;E10.P3.D31;1;13.643606;;
2021-01-22;C.3.1;E10.P3.D32;1;13.643606;;
2021-01-22;C.3.1;E10.P3.D33;1;13.643606;;
2021-01-22;C.3.1;E10.P4.D34;1;13.643606;;
2021-01-22;C.3.1;E10.P4.D41;1;13.643606;;
2021-01-22;C.3.1;E10.P4.D42;1;13.643606;;
2021-01-22;C.3.1;E10.P4.D43;0.5;6.821803;;
2021-01-22;C.3.1;E10.P4.D44;0.5;6.821803;;
2021-01-22;C.3.1;E11.P1.D11;1;13.643606;;
2021-01-22;C.3.1;E11.P1.D12;1;13.643606;;
2021-01-22;C.3.1;E11.P1.D13;1;13.643606;;
2021-01-22;C.3.1;E11.P1.D14;1;13.643606;;
2021-01-22;C.3.1;E11.P2.D21;1;13.643606;;
2021-01-22;C.3.1;E11.P2.D22;1;13.643606;;
2021-01-22;C.3.1;E11.P2.D23;1;13.643606;;
2021-01-22;C.3.1;E11.P2.D24;1;13.643606;;
2021-01-22;C.3.1;E11.P3.D31;1;13.643606;;
2021-01-22;C.3.1;E11.P3.D32;0.5;6.821803;;
2021-01-22;C.3.1;E11.P3.D33;0.5;6.821803;;
2021-01-22;C.3.1;E12.P1.D11;1;13.643606;;
2021-01-22;C.3.1;E12.P1.D12;1;13.643606;;
2021-01-22;C.3.1;E12.P1.D13;1;13.643606;;
2021-01-22;C.3.1;E12.P1.D14;1;13.643606;;
2021-01-22;C.3.1;E12.P2.D21;1;13.643606;;
2021-01-22;C.3.1;E12.P2.D22;1;13.643606;;
2021-01-22;C.3.1;E12.P2.D23;1;13.643606;;
2021-01-22;C.3.1;E12.P2.D24;1;13.643606;;
2021-01-22;C.5.1;E12.P1.D13;1;10.058273;;
2021-01-22;C.9.1.1;E12.P1.D13;1;3.269879;;
2021-01-22;C.9.2.1;E12.P1.D13;1;6.342256;;
2021-01-22;C.9.3.2;E12.P1.D13;1;2.925488;;
2021-01-22;C.9.3.3;E12.P1.D13;1;4.715;;
2021-01-22;C.9.4.1;E12.P1.D13;1;1.541152;;
2021-01-22;C.9.4.2;E12.P1.D13;1;0.525549;;
2021-01-22;C.9.5.1;E12.P1.D13;1;42.253121;;
2021-01-22;C.9.6;E12.P1.D13;1;2.266939;;
2021-01-22;C.EX.1;E12.P1.D13;1;3.05797;;
2021-01-22;C.EX.11;E12.P1.D13;1;30.578909;;
2021-01-22;C.EX.17;E12.P1.D13;1;8.213273;;
2021-01-22;D.1.1;E12.P1.D13;1;2.195091;;
2021-01-22;D.1.2;E12.P1.D13;1;1.505183;;
2021-01-22;D.1.4;E12.P1.D13;1;2.245091;;
2021-01-22;D.1.6;E12.P1.D13;1;1.365091;;
2021-01-22;D.1.7;E12.P1.D13;1;1.537927;;
2021-01-22;D.2.4;E04.P2.D21;0.9;10.35;;
2021-01-22;D.2.4;E04.P2.D22;0.9;10.35;;
2021-01-22;D.2.4;E04.P2.D23;0.9;10.35;;
2021-01-22;D.2.4;E04.P2.D24;0.9;10.35;;
2021-01-22;D.2.4;E04.P3.D31;0.9;10.35;;
2021-01-22;D.2.4;E04.P3.D32;0.9;10.35;;
2021-01-22;D.2.4;E04.P3.D33;0.9;10.35;;
2021-01-22;D.2.4;E05.P2.D21;0.9;10.35;;
2021-01-22;D.2.4;E05.P2.D22;0.9;10.35;;
2021-01-22;D.2.4;E05.P2.D23;0.9;10.35;;
2021-01-22;D.2.4;E05.P2.D24;0.9;10.35;;
2021-01-22;D.2.4;E06.P2.D21;0.9;10.35;;
2021-01-22;D.2.4;E06.P2.D22;0.9;10.35;;
2021-01-22;D.2.4;E06.P2.D23;0.9;10.35;;
2021-01-22;D.2.4;E06.P2.D24;0.9;10.35;;
2021-01-22;D.2.4;E09.P2.D21;0.9;10.35;;
2021-01-22;D.2.4;E09.P2.D22;0.9;10.35;;
2021-01-22;D.2.4;E09.P2.D23;0.9;10.35;;
2021-01-22;D.2.4;E09.P2.D24;0.9;10.35;;
2021-01-22;D.2.4;E09.P3.D31;0.9;10.35;;
2021-01-22;D.2.4;E09.P3.D32;0.9;10.35;;
2021-01-22;D.2.4;E10.P1.D11;0.6;6.9;;
2021-01-22;D.2.4;E10.P1.D12;0.6;6.9;;
2021-01-22;D.2.4;E10.P1.D13;0.6;6.9;;
2021-01-22;D.2.4;E10.P1.D14;0.9;10.35;;
2021-01-22;D.2.4;E10.P2.D21;0.9;10.35;;
2021-01-22;D.2.4;E10.P2.D22;0.9;10.35;;
2021-01-22;D.2.4;E10.P2.D23;0.9;10.35;;
2021-01-22;D.2.4;E10.P2.D24;0.9;10.35;;
2021-01-22;D.2.4;E10.P3.D31;0.9;10.35;;
2021-01-22;D.2.4;E10.P3.D32;0.9;10.35;;
2021-01-22;D.2.4;E10.P3.D33;0.9;10.35;;
2021-01-22;D.2.4;E10.P4.D34;0.9;10.35;;
2021-01-22;D.2.4;E10.P4.D41;0.9;10.35;;
2021-01-22;D.2.4;E10.P4.D42;0.9;10.35;;
2021-01-22;D.2.4;E10.P4.D43;0.9;10.35;;
2021-01-22;D.2.4;E10.P4.D44;0.9;10.35;;
2021-01-22;D.2.4;E11.P1.D11;0.9;10.35;;
2021-01-22;D.2.4;E11.P1.D12;0.9;10.35;;
2021-01-22;D.2.4;E11.P1.D13;0.9;10.35;;
2021-01-22;D.2.4;E11.P1.D14;0.9;10.35;;
2021-01-22;D.2.4;E11.P2.D21;0.9;10.35;;
2021-01-22;D.2.4;E11.P2.D22;0.9;10.35;;
2021-01-22;D.2.4;E11.P2.D23;0.9;10.35;;
2021-01-22;D.2.4;E11.P2.D24;0.9;10.35;;
2021-01-22;D.2.4;E11.P3.D31;0.9;10.35;;
2021-01-22;D.2.4;E11.P3.D32;0.9;10.35;;
2021-01-22;D.2.4;E11.P3.D33;0.9;10.35;;
2021-01-22;D.2.4;E11.P4.D34;0.9;10.35;;
2021-01-22;D.2.4;E11.P4.D41;0.9;10.35;;
2021-01-22;D.2.4;E11.P4.D42;0.9;10.35;;
2021-01-22;D.2.4;E11.P4.D43;0.9;10.35;;
2021-01-22;D.2.4;E11.P4.D44;0.9;10.35;;
2021-01-22;D.2.4;E12.P1.D11;0.9;10.35;;
2021-01-22;D.2.4;E12.P1.D12;0.9;10.35;;
2021-01-22;D.2.4;E12.P1.D13;1;11.5;;
2021-01-22;D.2.4;E12.P1.D14;0.9;10.35;;
2021-01-22;D.2.4;E12.P2.D21;0.9;10.35;;
2021-01-22;D.2.4;E12.P2.D22;0.9;10.35;;
2021-01-22;D.2.4;E12.P2.D23;0.9;10.35;;
2021-01-22;D.2.4;E12.P2.D24;0.9;10.35;;
2021-01-22;D.2.4;E12.P3.D31;0.9;10.35;;
2021-01-22;D.2.4;E12.P3.D32;0.9;10.35;;
2021-01-22;D.2.4;E12.P3.D33;0.9;10.35;;
2021-01-22;D.2.4;E12.P4.D34;0.9;10.35;;
2021-01-22;D.2.4;E12.P4.D41;0.9;10.35;;
2021-01-22;D.2.4;E12.P4.D42;0.9;10.35;;
2021-01-22;D.2.4;E12.P4.D43;0.9;10.35;;
2021-01-22;D.2.4;E12.P4.D44;0.9;10.35;;
2021-01-22;D.2.4;E20.P2.D21;0.9;10.35;;
2021-01-22;D.2.4;E20.P2.D22;0.9;10.35;;
2021-01-22;D.2.4;E20.P2.D23;0.9;10.35;;
2021-01-22;D.2.4;E20.P2.D24;0.9;10.35;;
2021-01-22;D.2.4;E20.P3.D31;0.9;10.35;;
2021-01-22;D.2.4;E20.P3.D32;0.9;10.35;;
2021-01-22;D.2.4;E20.P3.D33;0.9;10.35;;
2021-01-22;D.2.4;E20.P4.D34;0.9;10.35;;
2021-01-22;D.2.4;E20.P4.D41;0.9;10.35;;
2021-01-22;D.2.4;E20.P4.D42;0.9;10.35;;
2021-01-22;D.2.4;E20.P4.D43;0.9;10.35;;
2021-01-22;D.2.4;E20.P4.D44;0.9;10.35;;
2021-01-22;D.2.5;E04.P2.D21;0.9;6.66;;
2021-01-22;D.2.5;E04.P2.D22;0.9;6.66;;
2021-01-22;D.2.5;E04.P2.D23;0.9;6.66;;
2021-01-22;D.2.5;E04.P2.D24;0.9;6.66;;
2021-01-22;D.2.5;E04.P3.D31;0.9;6.66;;
2021-01-22;D.2.5;E04.P3.D32;0.9;6.66;;
2021-01-22;D.2.5;E04.P3.D33;0.9;6.66;;
2021-01-22;D.2.5;E05.P2.D21;0.9;6.66;;
2021-01-22;D.2.5;E05.P2.D22;0.9;6.66;;
2021-01-22;D.2.5;E05.P2.D23;0.9;6.66;;
2021-01-22;D.2.5;E05.P2.D24;0.9;6.66;;
2021-01-22;D.2.5;E06.P2.D21;0.9;6.66;;
2021-01-22;D.2.5;E06.P2.D22;0.9;6.66;;
2021-01-22;D.2.5;E06.P2.D23;0.9;6.66;;
2021-01-22;D.2.5;E06.P2.D24;0.9;6.66;;
2021-01-22;D.2.5;E09.P2.D21;0.9;6.66;;
2021-01-22;D.2.5;E09.P2.D22;0.9;6.66;;
2021-01-22;D.2.5;E09.P2.D23;0.9;6.66;;
2021-01-22;D.2.5;E09.P2.D24;0.9;6.66;;
2021-01-22;D.2.5;E09.P3.D31;0.9;6.66;;
2021-01-22;D.2.5;E09.P3.D32;0.9;6.66;;
2021-01-22;D.2.5;E10.P1.D11;0.6;4.44;;
2021-01-22;D.2.5;E10.P1.D12;0.6;4.44;;
2021-01-22;D.2.5;E10.P1.D13;0.6;4.44;;
2021-01-22;D.2.5;E10.P1.D14;0.9;6.66;;
2021-01-22;D.2.5;E10.P2.D21;0.9;6.66;;
2021-01-22;D.2.5;E10.P2.D22;0.9;6.66;;
2021-01-22;D.2.5;E10.P2.D23;0.9;6.66;;
2021-01-22;D.2.5;E10.P2.D24;0.9;6.66;;
2021-01-22;D.2.5;E10.P3.D31;0.9;6.66;;
2021-01-22;D.2.5;E10.P3.D32;0.9;6.66;;
2021-01-22;D.2.5;E10.P3.D33;0.9;6.66;;
2021-01-22;D.2.5;E10.P4.D34;0.9;6.66;;
2021-01-22;D.2.5;E10.P4.D41;0.9;6.66;;
2021-01-22;D.2.5;E10.P4.D42;0.9;6.66;;
2021-01-22;D.2.5;E10.P4.D43;0.9;6.66;;
2021-01-22;D.2.5;E10.P4.D44;0.9;6.66;;
2021-01-22;D.2.5;E11.P1.D11;0.9;6.66;;
2021-01-22;D.2.5;E11.P1.D12;0.9;6.66;;
2021-01-22;D.2.5;E11.P1.D13;0.9;6.66;;
2021-01-22;D.2.5;E11.P1.D14;0.9;6.66;;
2021-01-22;D.2.5;E11.P2.D21;0.9;6.66;;
2021-01-22;D.2.5;E11.P2.D22;0.9;6.66;;
2021-01-22;D.2.5;E11.P2.D23;0.9;6.66;;
2021-01-22;D.2.5;E11.P2.D24;0.9;6.66;;
2021-01-22;D.2.5;E11.P3.D31;0.9;6.66;;
2021-01-22;D.2.5;E11.P3.D32;0.9;6.66;;
2021-01-22;D.2.5;E11.P3.D33;0.9;6.66;;
2021-01-22;D.2.5;E11.P4.D34;0.9;6.66;;
2021-01-22;D.2.5;E11.P4.D41;0.9;6.66;;
2021-01-22;D.2.5;E11.P4.D42;0.9;6.66;;
2021-01-22;D.2.5;E11.P4.D43;0.9;6.66;;
2021-01-22;D.2.5;E11.P4.D44;0.9;6.66;;
2021-01-22;D.2.5;E12.P1.D11;0.9;6.66;;
2021-01-22;D.2.5;E12.P1.D12;0.9;6.66;;
2021-01-22;D.2.5;E12.P1.D13;1;7.4;;
2021-01-22;D.2.5;E12.P1.D14;0.9;6.66;;
2021-01-22;D.2.5;E12.P2.D21;0.9;6.66;;
2021-01-22;D.2.5;E12.P2.D22;0.9;6.66;;
2021-01-22;D.2.5;E12.P2.D23;0.9;6.66;;
2021-01-22;D.2.5;E12.P2.D24;0.9;6.66;;
2021-01-22;D.2.5;E12.P3.D31;0.9;6.66;;
2021-01-22;D.2.5;E12.P3.D32;0.9;6.66;;
2021-01-22;D.2.5;E12.P3.D33;0.9;6.66;;
2021-01-22;D.2.5;E12.P4.D34;0.9;6.66;;
2021-01-22;D.2.5;E12.P4.D41;0.9;6.66;;
2021-01-22;D.2.5;E12.P4.D42;0.9;6.66;;
2021-01-22;D.2.5;E12.P4.D43;0.9;6.66;;
2021-01-22;D.2.5;E12.P4.D44;0.9;6.66;;
2021-01-22;D.2.5;E20.P2.D21;0.9;6.66;;
2021-01-22;D.2.5;E20.P2.D22;0.9;6.66;;
2021-01-22;D.2.5;E20.P2.D23;0.9;6.66;;
2021-01-22;D.2.5;E20.P2.D24;0.9;6.66;;
2021-01-22;D.2.5;E20.P3.D31;0.9;6.66;;
2021-01-22;D.2.5;E20.P3.D32;0.9;6.66;;
2021-01-22;D.2.5;E20.P3.D33;0.9;6.66;;
2021-01-22;D.2.5;E20.P4.D34;0.9;6.66;;
2021-01-22;D.2.5;E20.P4.D41;0.9;6.66;;
2021-01-22;D.2.5;E20.P4.D42;0.9;6.66;;
2021-01-22;D.2.5;E20.P4.D43;0.9;6.66;;
2021-01-22;D.2.5;E20.P4.D44;0.9;6.66;;
2021-01-22;D.3.2;E10.P1.D11;0.9;9.27;;
2021-01-22;D.3.2;E10.P1.D12;0.9;9.27;;
2021-01-22;D.3.2;E10.P1.D13;0.9;9.27;;
2021-01-22;D.3.2;E10.P1.D14;0.9;9.27;;
2021-01-22;D.3.2;E10.P2.D21;0.9;9.27;;
2021-01-22;D.3.2;E10.P2.D22;0.9;9.27;;
2021-01-22;D.3.2;E10.P2.D23;0.9;9.27;;
2021-01-22;D.3.2;E10.P2.D24;0.9;9.27;;
2021-01-22;D.3.2;E10.P3.D31;0.9;9.27;;
2021-01-22;D.3.2;E10.P3.D32;0.9;9.27;;
2021-01-22;D.3.2;E10.P3.D33;0.9;9.27;;
2021-01-22;D.3.2;E10.P4.D34;0.9;9.27;;
2021-01-22;D.3.2;E10.P4.D41;0.9;9.27;;
2021-01-22;D.3.2;E10.P4.D42;0.9;9.27;;
2021-01-22;D.3.2;E10.P4.D43;0.9;9.27;;
2021-01-22;D.3.2;E10.P4.D44;0.9;9.27;;
2021-01-22;D.3.2;E11.P1.D11;0.9;9.27;;
2021-01-22;D.3.2;E11.P1.D12;0.9;9.27;;
2021-01-22;D.3.2;E11.P1.D13;0.9;9.27;;
2021-01-22;D.3.2;E11.P1.D14;0.9;9.27;;
2021-01-22;D.3.2;E11.P2.D21;0.9;9.27;;
2021-01-22;D.3.2;E11.P2.D22;0.9;9.27;;
2021-01-22;D.3.2;E11.P2.D23;0.9;9.27;;
2021-01-22;D.3.2;E11.P2.D24;0.9;9.27;;
2021-01-22;D.3.2;E11.P3.D31;0.9;9.27;;
2021-01-22;D.3.2;E11.P3.D32;0.9;9.27;;
2021-01-22;D.3.2;E11.P3.D33;0.9;9.27;;
2021-01-22;D.3.2;E11.P4.D34;0.9;9.27;;
2021-01-22;D.3.2;E11.P4.D41;0.9;9.27;;
2021-01-22;D.3.2;E11.P4.D42;0.9;9.27;;
2021-01-22;D.3.2;E11.P4.D43;0.9;9.27;;
2021-01-22;D.3.2;E11.P4.D44;0.9;9.27;;
2021-01-22;D.3.2;E12.P1.D11;0.9;9.27;;
2021-01-22;D.3.2;E12.P1.D12;0.9;9.27;;
2021-01-22;D.3.2;E12.P1.D13;1;10.3;;
2021-01-22;D.3.2;E12.P1.D14;0.9;9.27;;
2021-01-22;D.3.2;E12.P2.D21;0.9;9.27;;
2021-01-22;D.3.2;E12.P2.D22;0.9;9.27;;
2021-01-22;D.3.2;E12.P2.D23;0.9;9.27;;
2021-01-22;D.3.2;E12.P2.D24;0.9;9.27;;
2021-01-22;D.4.2;E12.P1.D13;1;6.44;;
2021-01-22;D.4.5;E10.P1.D11;0.4;10.12;;
2021-01-22;D.4.5;E10.P1.D12;0.4;10.12;;
2021-01-22;D.4.5;E10.P1.D13;0.4;10.12;;
2021-01-22;D.4.5;E10.P1.D14;0.4;10.12;;
2021-01-22;D.4.5;E10.P2.D21;0.4;10.12;;
2021-01-22;D.4.5;E10.P2.D22;0.4;10.12;;
2021-01-22;D.4.5;E10.P2.D23;0.4;10.12;;
2021-01-22;D.4.5;E10.P2.D24;0.4;10.12;;
2021-01-22;D.4.5;E10.P3.D31;0.4;10.12;;
2021-01-22;D.4.5;E10.P3.D32;0.4;10.12;;
2021-01-22;D.4.5;E10.P3.D33;0.4;10.12;;
2021-01-22;D.4.5;E10.P4.D34;0.4;10.12;;
2021-01-22;D.4.5;E10.P4.D41;0.3;7.59;;
2021-01-22;D.4.5;E10.P4.D42;0.3;7.59;;
2021-01-22;D.4.5;E10.P4.D43;0.3;7.59;;
2021-01-22;D.4.5;E10.P4.D44;0.3;7.59;;
2021-01-22;D.4.5;E11.P1.D11;0.6;15.18;;
2021-01-22;D.4.5;E11.P1.D12;0.6;15.18;;
2021-01-22;D.4.5;E11.P1.D13;0.6;15.18;;
2021-01-22;D.4.5;E11.P1.D14;0.6;15.18;;
2021-01-22;D.4.5;E11.P2.D21;0.3;7.59;;
2021-01-22;D.4.5;E11.P2.D22;0.3;7.59;;
2021-01-22;D.4.5;E11.P2.D23;0.3;7.59;;
2021-01-22;D.4.5;E11.P2.D24;0.3;7.59;;
2021-01-22;D.4.5;E11.P3.D31;0.3;7.59;;
2021-01-22;D.4.5;E11.P3.D32;0.3;7.59;;
2021-01-22;D.4.5;E11.P3.D33;0.3;7.59;;
2021-01-22;D.4.5;E11.P4.D34;0.3;7.59;;
2021-01-22;D.4.5;E12.P1.D11;0.6;15.18;;
2021-01-22;D.4.5;E12.P1.D12;0.6;15.18;;
2021-01-22;D.4.5;E12.P1.D13;0.8;20.24;;
2021-01-22;D.4.5;E12.P1.D14;0.6;15.18;;
2021-01-22;D.4.5;E12.P2.D21;0.6;15.18;;
2021-01-22;D.4.5;E12.P2.D22;0.6;15.18;;
2021-01-22;D.4.5;E12.P2.D23;0.6;15.18;;
2021-01-22;D.4.5;E12.P2.D24;0.6;15.18;;
2021-01-22;D.4.5;E12.P3.D31;0.3;7.59;;
2021-01-22;D.4.5;E12.P3.D32;0.3;7.59;;
2021-01-22;D.4.5;E12.P3.D33;0.3;7.59;;
2021-01-22;D.4.5;E12.P4.D34;0.3;7.59;;
2021-01-22;D.4.5;E12.P4.D41;0.3;7.59;;
2021-01-22;D.4.5;E12.P4.D42;0.3;7.59;;
2021-01-22;D.4.5;E12.P4.D43;0.3;7.59;;
2021-01-22;D.4.5;E12.P4.D44;0.3;7.59;;
2021-01-22;D.5.3;E04.P1.D11;0.6;2.73;;
2021-01-22;D.5.3;E04.P1.D12;0.6;2.73;;
2021-01-22;D.5.3;E04.P1.D13;0.6;2.73;;
2021-01-22;D.5.3;E04.P1.D14;0.6;2.73;;
2021-01-22;D.5.3;E04.P2.D21;0.6;2.73;;
2021-01-22;D.5.3;E04.P2.D22;0.6;2.73;;
2021-01-22;D.5.3;E04.P2.D23;0.6;2.73;;
2021-01-22;D.5.3;E04.P2.D24;0.6;2.73;;
2021-01-22;D.5.3;E05.P1.D11;0.6;2.73;;
2021-01-22;D.5.3;E05.P1.D12;0.6;2.73;;
2021-01-22;D.5.3;E05.P1.D13;0.6;2.73;;
2021-01-22;D.5.3;E05.P1.D14;0.6;2.73;;
2021-01-22;D.5.3;E05.P2.D21;0.6;2.73;;
2021-01-22;D.5.3;E05.P2.D22;0.6;2.73;;
2021-01-22;D.5.3;E05.P2.D23;0.6;2.73;;
2021-01-22;D.5.3;E05.P2.D24;0.6;2.73;;
2021-01-22;D.5.3;E06.P1.D11;0.6;2.73;;
2021-01-22;D.5.3;E06.P1.D12;0.6;2.73;;
2021-01-22;D.5.3;E06.P1.D13;0.6;2.73;;
2021-01-22;D.5.3;E06.P1.D14;0.6;2.73;;
2021-01-22;D.5.3;E06.P2.D21;0.6;2.73;;
2021-01-22;D.5.3;E06.P2.D22;0.6;2.73;;
2021-01-22;D.5.3;E09.P1.D11;0.6;2.73;;
2021-01-22;D.5.3;E09.P1.D12;0.6;2.73;;
2021-01-22;D.5.3;E09.P1.D13;0.6;2.73;;
2021-01-22;D.5.3;E09.P1.D14;0.6;2.73;;
2021-01-22;D.5.3;E09.P2.D21;0.6;2.73;;
2021-01-22;D.5.3;E09.P2.D22;0.6;2.73;;
2021-01-22;D.5.3;E09.P2.D23;0.6;2.73;;
2021-01-22;D.5.3;E09.P2.D24;0.6;2.73;;
2021-01-22;D.5.3;E10.P1.D11;0.6;2.73;;
2021-01-22;D.5.3;E10.P1.D12;0.6;2.73;;
2021-01-22;D.5.3;E10.P1.D13;0.6;2.73;;
2021-01-22;D.5.3;E10.P1.D14;0.6;2.73;;
2021-01-22;D.5.3;E10.P2.D21;0.6;2.73;;
2021-01-22;D.5.3;E10.P2.D22;0.6;2.73;;
2021-01-22;D.5.3;E10.P2.D23;0.6;2.73;;
2021-01-22;D.5.3;E10.P2.D24;0.6;2.73;;
2021-01-22;D.5.3;E10.P3.D31;0.6;2.73;;
2021-01-22;D.5.3;E10.P3.D32;0.6;2.73;;
2021-01-22;D.5.3;E10.P3.D33;0.6;2.73;;
2021-01-22;D.5.3;E10.P4.D34;0.6;2.73;;
2021-01-22;D.5.3;E10.P4.D41;0.6;2.73;;
2021-01-22;D.5.3;E10.P4.D42;0.6;2.73;;
2021-01-22;D.5.3;E10.P4.D43;0.6;2.73;;
2021-01-22;D.5.3;E10.P4.D44;0.6;2.73;;
2021-01-22;D.5.3;E11.P1.D11;0.6;2.73;;
2021-01-22;D.5.3;E11.P1.D12;0.6;2.73;;
2021-01-22;D.5.3;E11.P1.D13;0.6;2.73;;
2021-01-22;D.5.3;E11.P1.D14;0.6;2.73;;
2021-01-22;D.5.3;E11.P2.D21;0.6;2.73;;
2021-01-22;D.5.3;E11.P2.D22;0.6;2.73;;
2021-01-22;D.5.3;E11.P2.D23;0.6;2.73;;
2021-01-22;D.5.3;E11.P2.D24;0.6;2.73;;
2021-01-22;D.5.3;E11.P3.D31;0.6;2.73;;
2021-01-22;D.5.3;E11.P3.D32;0.6;2.73;;
2021-01-22;D.5.3;E11.P3.D33;0.6;2.73;;
2021-01-22;D.5.3;E11.P4.D34;0.6;2.73;;
2021-01-22;D.5.3;E11.P4.D41;0.6;2.73;;
2021-01-22;D.5.3;E11.P4.D42;0.6;2.73;;
2021-01-22;D.5.3;E11.P4.D43;0.6;2.73;;
2021-01-22;D.5.3;E11.P4.D44;0.6;2.73;;
2021-01-22;D.5.3;E12.P1.D11;0.6;2.73;;
2021-01-22;D.5.3;E12.P1.D12;0.6;2.73;;
2021-01-22;D.5.3;E12.P1.D13;0.6;2.73;;
2021-01-22;D.5.3;E12.P1.D14;0.6;2.73;;
2021-01-22;D.5.3;E12.P2.D21;0.6;2.73;;
2021-01-22;D.5.3;E12.P2.D22;0.6;2.73;;
2021-01-22;D.5.3;E12.P2.D23;0.6;2.73;;
2021-01-22;D.5.3;E12.P2.D24;0.6;2.73;;
2021-01-22;D.5.3;E12.P3.D31;0.6;2.73;;
2021-01-22;D.5.3;E12.P3.D32;0.6;2.73;;
2021-01-22;D.5.3;E12.P3.D33;0.6;2.73;;
2021-01-22;D.5.3;E12.P4.D34;0.6;2.73;;
2021-01-22;D.5.3;E12.P4.D41;0.6;2.73;;
2021-01-22;D.5.3;E12.P4.D42;0.6;2.73;;
2021-01-22;D.5.3;E12.P4.D43;0.6;2.73;;
2021-01-22;D.5.3;E12.P4.D44;0.6;2.73;;
2021-01-22;D.5.3;E20.P1.D11;0.6;2.73;;
2021-01-22;D.5.3;E20.P1.D12;0.6;2.73;;
2021-01-22;D.5.3;E20.P1.D13;0.6;2.73;;
2021-01-22;D.5.3;E20.P1.D14;0.6;2.73;;
2021-01-22;D.5.3;E20.P2.D21;0.6;2.73;;
2021-01-22;D.5.3;E20.P2.D22;0.6;2.73;;
2021-01-22;D.5.3;E20.P2.D23;0.6;2.73;;
2021-01-22;D.5.3;E20.P2.D24;0.6;2.73;;
2021-01-22;D.5.3;E20.P3.D31;0.6;2.73;;
2021-01-22;D.5.3;E20.P3.D32;0.6;2.73;;
2021-01-22;D.5.3;E20.P3.D33;0.6;2.73;;
2021-01-22;D.5.3;E20.P4.D34;0.6;2.73;;
2021-01-22;D.5.3;E20.P4.D41;0.6;2.73;;
2021-01-22;D.5.3;E20.P4.D42;0.6;2.73;;
2021-01-22;D.5.3;E20.P4.D43;0.6;2.73;;
2021-01-22;D.5.3;E20.P4.D44;0.6;2.73;;
2021-01-22;D.5.4;E12.P1.D13;1;6.77;;
2021-01-22;F.1.1;E01;0.5;166.4205;;
2021-01-22;F.1.1;E02;0.75;249.63075;;
2021-01-22;F.1.1;E03;0.75;249.63075;;
2021-01-22;F.1.1;E04;1;332.841;;
2021-01-22;F.1.1;E05;1;332.841;;
2021-01-22;F.1.1;E06;1;332.841;;
2021-01-22;F.1.1;E07;1;332.841;;
2021-01-22;F.1.1;E08;1;332.841;;
2021-01-22;F.1.1;E09;1;332.841;;
2021-01-22;F.1.1;E10;1;332.841;;
2021-01-22;F.1.1;E11;1;332.841;;
2021-01-22;F.1.1;E12;1;332.841;;
2021-01-22;F.1.1;E13;0.5;166.4205;;
2021-01-22;F.1.1;E14;0.5;166.4205;;
2021-01-22;F.1.1;E15;0;0;;
2021-01-22;F.1.1;E16;0.5;166.4205;;
2021-01-22;F.1.1;E17;0.5;166.4205;;
2021-01-22;F.1.1;E18;1;332.841;;
2021-01-22;F.1.1;E19;0.9;299.5569;;
2021-01-22;F.1.1;E20;1;332.841;;
2021-01-22;F.1.4;L;0.795;9987.4896;;
2021-01-22;F.4.1.2;E01;1;108.51;;
2021-01-22;F.4.1.2;E02;1;108.51;;
2021-01-22;F.4.1.2;E03;1;108.51;;
2021-01-22;F.4.1.2;E04;1;108.51;;
2021-01-22;F.4.1.2;E05;1;108.51;;
2021-01-22;F.4.1.2;E06;1;108.51;;
2021-01-22;F.4.1.2;E07;1;108.51;;
2021-01-22;F.4.1.2;E08;1;108.51;;
2021-01-22;F.4.1.2;E09;1;108.51;;
2021-01-22;F.4.1.2;E10;1;108.51;;
2021-01-22;F.4.1.2;E11;1;108.51;;
2021-01-22;F.4.1.2;E12;1;108.51;;
2021-01-22;F.4.1.2;E13;1;108.51;;
2021-01-22;F.4.1.2;E14;1;108.51;;
2021-01-22;F.4.1.2;E15;1;108.51;;
2021-01-22;F.4.1.2;E16;1;108.51;;
2021-01-22;F.4.1.2;E17;1;108.51;;
2021-01-22;F.4.1.2;E18;1;108.51;;
2021-01-22;F.4.1.2;E19;1;108.51;;
2021-01-22;F.4.1.2;E20;1;108.51;;
2021-01-22;F.4.1.3;E01.N0.C1;1;64.045667;;
2021-01-22;F.4.1.3;E01.N0.C2;1;64.045667;;
2021-01-22;F.4.1.3;E01.N0.C3;1;64.045667;;
2021-01-22;F.4.1.3;E01.N0.C4;1;64.045667;;
2021-01-22;F.4.1.3;E01.N0.C5;1;64.045667;;
2021-01-22;F.4.1.3;E01.N0.C6;1;64.045667;;
2021-01-22;F.4.1.3;E02.N1.C1;1;128.091333;;
2021-01-22;F.4.1.3;E02.N1.C2;1;128.091333;;
2021-01-22;F.4.1.3;E02.N1.C3;1;128.091333;;
2021-01-22;F.4.1.3;E02.N1.C4;1;128.091333;;
2021-01-22;F.4.1.3;E02.N1.C5;1;128.091333;;
2021-01-22;F.4.1.3;E02.N1.C6;1;128.091333;;
2021-01-22;F.4.1.3;E03.N1.C1;1;128.091333;;
2021-01-22;F.4.1.3;E03.N1.C2;1;128.091333;;
2021-01-22;F.4.1.3;E03.N1.C3;1;128.091333;;
2021-01-22;F.4.1.3;E03.N1.C4;1;128.091333;;
2021-01-22;F.4.1.3;E03.N1.C5;1;128.091333;;
2021-01-22;F.4.1.3;E03.N1.C6;1;128.091333;;
2021-01-22;F.4.1.3;E04.N1.C1;1;128.091333;;
2021-01-22;F.4.1.3;E04.N1.C2;1;128.091333;;
2021-01-22;F.4.1.3;E04.N1.C3;1;128.091333;;
2021-01-22;F.4.1.3;E04.N1.C4;1;128.091333;;
2021-01-22;F.4.1.3;E04.N1.C5;1;128.091333;;
2021-01-22;F.4.1.3;E04.N1.C6;1;128.091333;;
2021-01-22;F.4.1.3;E05.N1.C1;1;128.091333;;
2021-01-22;F.4.1.3;E05.N1.C2;1;128.091333;;
2021-01-22;F.4.1.3;E05.N1.C3;1;128.091333;;
2021-01-22;F.4.1.3;E05.N1.C4;1;128.091333;;
2021-01-22;F.4.1.3;E05.N1.C5;1;128.091333;;
2021-01-22;F.4.1.3;E05.N1.C6;1;128.091333;;
2021-01-22;F.4.1.3;E06.N1.C1;1;128.091333;;
2021-01-22;F.4.1.3;E06.N1.C2;1;128.091333;;
2021-01-22;F.4.1.3;E06.N1.C3;1;128.091333;;
2021-01-22;F.4.1.3;E06.N1.C4;1;128.091333;;
2021-01-22;F.4.1.3;E06.N1.C5;1;128.091333;;
2021-01-22;F.4.1.3;E06.N1.C6;1;128.091333;;
2021-01-22;F.4.1.3;E07.N1.C1;1;128.091333;;
2021-01-22;F.4.1.3;E07.N1.C2;1;128.091333;;
2021-01-22;F.4.1.3;E07.N1.C3;1;128.091333;;
2021-01-22;F.4.1.3;E07.N1.C4;1;128.091333;;
2021-01-22;F.4.1.3;E07.N1.C5;1;128.091333;;
2021-01-22;F.4.1.3;E07.N1.C6;1;128.091333;;
2021-01-22;F.4.1.3;E08.N1.C1;1;128.091333;;
2021-01-22;F.4.1.3;E08.N1.C2;1;128.091333;;
2021-01-22;F.4.1.3;E08.N1.C3;1;128.091333;;
2021-01-22;F.4.1.3;E08.N1.C4;1;128.091333;;
2021-01-22;F.4.1.3;E08.N1.C5;1;128.091333;;
2021-01-22;F.4.1.3;E08.N1.C6;1;128.091333;;
2021-01-22;F.4.1.3;E09.N1.C1;1;128.091333;;
2021-01-22;F.4.1.3;E09.N1.C2;1;128.091333;;
2021-01-22;F.4.1.3;E09.N1.C3;1;128.091333;;
2021-01-22;F.4.1.3;E09.N1.C4;1;128.091333;;
2021-01-22;F.4.1.3;E09.N1.C5;1;128.091333;;
2021-01-22;F.4.1.3;E09.N1.C6;1;128.091333;;
2021-01-22;F.4.1.3;E10.N1.C1;1;128.091333;;
2021-01-22;F.4.1.3;E10.N1.C2;1;128.091333;;
2021-01-22;F.4.1.3;E10.N1.C3;1;128.091333;;
2021-01-22;F.4.1.3;E10.N1.C4;1;128.091333;;
2021-01-22;F.4.1.3;E10.N1.C5;1;128.091333;;
2021-01-22;F.4.1.3;E10.N1.C6;1;128.091333;;
2021-01-22;F.4.1.3;E11.N1.C1;1;128.091333;;
2021-01-22;F.4.1.3;E11.N1.C2;1;128.091333;;
2021-01-22;F.4.1.3;E11.N1.C3;1;128.091333;;
2021-01-22;F.4.1.3;E11.N1.C4;1;128.091333;;
2021-01-22;F.4.1.3;E11.N1.C5;1;128.091333;;
2021-01-22;F.4.1.3;E11.N1.C6;1;128.091333;;
2021-01-22;F.4.1.3;E12.N1.C1;1;128.091333;;
2021-01-22;F.4.1.3;E12.N1.C2;1;128.091333;;
2021-01-22;F.4.1.3;E12.N1.C3;1;128.091333;;
2021-01-22;F.4.1.3;E12.N1.C4;1;128.091333;;
2021-01-22;F.4.1.3;E12.N1.C5;1;128.091333;;
2021-01-22;F.4.1.3;E12.N1.C6;1;128.091333;;
2021-01-22;F.4.1.3;E13.N1.C1;1;128.091333;;
2021-01-22;F.4.1.3;E13.N1.C2;1;128.091333;;
2021-01-22;F.4.1.3;E13.N1.C3;1;128.091333;;
2021-01-22;F.4.1.3;E13.N1.C4;1;128.091333;;
2021-01-22;F.4.1.3;E13.N1.C5;1;128.091333;;
2021-01-22;F.4.1.3;E13.N1.C6;1;128.091333;;
2021-01-22;F.4.1.3;E14.N0.C1;1;64.045667;;
2021-01-22;F.4.1.3;E14.N0.C2;1;64.045667;;
2021-01-22;F.4.1.3;E14.N0.C3;1;64.045667;;
2021-01-22;F.4.1.3;E14.N0.C4;1;64.045667;;
2021-01-22;F.4.1.3;E14.N0.C5;1;64.045667;;
2021-01-22;F.4.1.3;E14.N0.C6;1;64.045667;;
2021-01-22;F.4.1.3;E16.N0.C1;1;64.045667;;
2021-01-22;F.4.1.3;E16.N0.C2;1;64.045667;;
2021-01-22;F.4.1.3;E16.N0.C3;1;64.045667;;
2021-01-22;F.4.1.3;E16.N0.C4;1;64.045667;;
2021-01-22;F.4.1.3;E16.N0.C5;1;64.045667;;
2021-01-22;F.4.1.3;E16.N0.C6;1;64.045667;;
2021-01-22;F.4.1.3;E17.N0.C1;1;64.045667;;
2021-01-22;F.4.1.3;E17.N0.C2;1;64.045667;;
2021-01-22;F.4.1.3;E17.N0.C3;1;64.045667;;
2021-01-22;F.4.1.3;E17.N0.C4;1;64.045667;;
2021-01-22;F.4.1.3;E17.N0.C5;1;64.045667;;
2021-01-22;F.4.1.3;E17.N0.C6;1;64.045667;;
2021-01-22;F.4.1.3;E18.N1.C1;1;128.091333;;
2021-01-22;F.4.1.3;E18.N1.C2;1;128.091333;;
2021-01-22;F.4.1.3;E18.N1.C3;1;128.091333;;
2021-01-22;F.4.1.3;E18.N1.C4;1;128.091333;;
2021-01-22;F.4.1.3;E18.N1.C5;1;128.091333;;
2021-01-22;F.4.1.3;E18.N1.C6;1;128.091333;;
2021-01-22;F.4.1.3;E19.N1.C1;1;128.091333;;
2021-01-22;F.4.1.3;E19.N1.C2;1;128.091333;;
2021-01-22;F.4.1.3;E19.N1.C3;1;128.091333;;
2021-01-22;F.4.1.3;E19.N1.C4;1;128.091333;;
2021-01-22;F.4.1.3;E19.N1.C5;1;128.091333;;
2021-01-22;F.4.1.3;E19.N1.C6;1;128.091333;;
2021-01-22;F.4.1.3;E20.N1.C1;1;128.091333;;
2021-01-22;F.4.1.3;E20.N1.C2;1;128.091333;;
2021-01-22;F.4.1.3;E20.N1.C3;1;128.091333;;
2021-01-22;F.4.1.3;E20.N1.C4;1;128.091333;;
2021-01-22;F.4.1.3;E20.N1.C5;1;128.091333;;
2021-01-22;F.4.1.3;E20.N1.C6;1;128.091333;;
